,Location,Name,Phone 1,Address 1,City,State,ZIP Code,Software,Zone,OS Version
0,ABC000,Main Office,212-736-7171,107 west 13th street,New York,New York,10011,,Not a garage,
1,ABC001,88th Street Garage Corp.,212-874-8442,100 west 89th street,New York,New York,10024,Ultra,West of Central Park,
2,ABC002,520 West Parking Corp.,212-244-4786,520 west 43rd street,New York,New York,10036,Ultra,Midtown West,
3,ABC004,59 Allen St,212-226-1793,59 allen street,New York,New York,10002,Ultra,Lower Manhattan,
4,ABC005,Century Garage Corp.,718-543-6002,2600 netherland avenue,Bronx,New York,10463,Ultra,Bronx,
5,ABC006,1955 1st Parking Corp.,212-996-3074,1955 1st avenue,New York,New York,10029,Ultra,East of Central Park,
6,ABC009,First Ave Parking Corp.,646-684-4070,630 1st avenue,New York,New York,10016,Ultra,Midtown East,
7,ABC010,525-535 Garage Corp.,212-249-2674,535 east 86th street,New York,New York,10028,Ultra,East of Central Park,
8,ABC011,340 East 34 Garage Corp.,212-252-8726,332-342 east 34th street,New York,New York,10016,Ultra,Midtown East,
9,ABC012,107 Garage Corp.,212-741-9016,107 west 13th street,New York,New York,10011,Ultra,Lower Manhattan,
10,ABC014,Ever-Ready Parking Inc.,212-599-8937,330 east 46th street,New York,New York,10017,Ultra,Midtown East,
11,ABC015,30 Garage Corp.,212-717-5747,30 east end avenue,New York,New York,10028,Ultra,East of Central Park,
12,ABC016,650 Parking Corp.,212-472-2596,650 park avenue,New York,New York,10065,Ultra,East of Central Park,
13,ABC017,Colony Garage Corp.,201-461-0061,1530 palisade avenue,Fort Lee,New Jersey,07024,Ultra,New Jersey,
14,ABC019,Central Parking Corp.,212-650-0996,860 5th avenue,New York,New York,10065,Ultra,East of Central Park,
15,ABC021,785 Garage Corp,212-644-1336,785 5th avenue,New York,New York,10022,Ultra,Midtown East,
16,ABC025,64th Parking Corp.,718-830-9047,98-10 64th avenue,Rego Park,New York,11374,Ultra,Queens,
17,ABC026,130 East 18th Garage Corp.,212-475-8091,130 east 18th street,New York,New York,10003,Ultra,Lower Manhattan,
18,ABC027,Fifth Avenue Public Parking,212-675-0335,96 5th avenue,New York,New York,10011,Ultra,Lower Manhattan,
19,ABC028,Paradise Garage Corp.,718-275-5430,62-60 99th street,Rego Park,New York,11374,Ultra,Queens,
20,ABC029,555 West Garage,646-486-0769,549 west 23rd street,New York,New York,10011,Ultra,Lower Manhattan,
21,ABC030,Intertown Parking Corp.,212-650-1916,55 east end avenue,New York,New York,10028,Ultra,East of Central Park,
22,ABC031,West 90th Garage Corp.,212-721-5265,101 west 90th street,New York,New York,10024,Ultra,West of Central Park,
23,ABC034,145 Bradhurst Garage Corp.,212-281-2770,68 bradhurst avenue,New York,New York,10039,Ultra,Uptown Manhattan,
24,ABC041,East 97th Parking Corp.,212-348-8361,175 east 96th street,New York,New York,10128,Ultra,East of Central Park,
25,ABC044,300 Parking Inc.,212-974-9495,300 west 55th street,New York,New York,10019,Ultra,Midtown West,
26,ABC046,Central Harlem Garage Corp.,212-860-7691,130 malcolm x blvd.,New York,New York,10026,Ultra,Uptown Manhattan,
27,ABC047,Gold/Pearl Parking Corp.,212-837-2723,2 gold street,New York,New York,10038,Ultra,Lower Manhattan,
28,ABC048,1025 Fifth Garage Corp.,212-861-0510,1025 5th avenue,New York,New York,10028,Ultra,East of Central Park,
29,ABC051,1010 6th Avenue,212-221-8857,1010 6th avenue,New York,New York,10018,Ultra,Midtown West,
30,ABC052,Hudson River Parking Corp. OUT,718-796-4569,3718-20 henry hudson parkwy,Bronx,New York,10463,Ultra,Bronx,
31,ABC053,315 E 70th Garage,212-879-5434,315 east 70th street,New York,New York,10021,Ultra,East of Central Park,
32,ABC054,160 Parking Corp.,212-861-9628,189 east 64th street,New York,New York,10065,Ultra,East of Central Park,
33,ABC056,The Carnegie Garage,212-860-1976,200 east 94th street,New York,New York,10128,Ultra,East of Central Park,
34,ABC058,Prestige Garage,212-355-8007,25 sutton place so.,New York,New York,10022,Ultra,Midtown East,
35,ABC061,61 Jane Parking Corp.,212-243-6303,61 jane street,New York,New York,10014,Ultra,Lower Manhattan,
36,ABC063,Gracie Public Parking,212-360-6186,401 east 89th street,New York,New York,10128,Ultra,East of Central Park,
37,ABC065,Enterprise 40th,212-697-7773,315 east 40th street,New York,New York,10016,Ultra,Midtown East,
38,ABC066,53rd Parking Corp,212-265-1645,301 west 53rd street,New York,New York,10019,Ultra,Midtown West,
39,ABC067,East 28th Street Garage Corp.,212-889-3330,201 east 28th street,New York,New York,10016,Ultra,Midtown East,
40,ABC068,Millennium Garage Corp.,212-472-4713,35 east 85th street,New York,New York,10068,Ultra,East of Central Park,
41,ABC071,100 ML Garage,646-449-9840,100 maiden lane,New York,New York,10038,Ultra,Lower Manhattan,
42,ABC073,Kent Garage Corp,718-388-7294,444 kent avenue,Brooklyn,New York,11211,Ultra,Brooklyn,
43,ABC075,200 East Parking,212-750-0254,1081 3rd avenue,New York,New York,10065,Ultra,East of Central Park,
44,ABC076,110 East End Avenue,212-249-4808,110 east end avenue,New York,New York,10028,Ultra,East of Central Park,
45,ABC077,311 Parking Corp,212-586-9760,311 west 50th street,New York,New York,10019,Ultra,Midtown West,
46,ABC078,West 54 Parking Corp,212-445-0592,129-133 west 54th street,New York,New York,10019,Ultra,Midtown West,
47,ABC079,Chelsea 7th Garage Corp.,212-807-1819,252 7th avenue,New York,New York,10001,Ultra,Midtown West,
48,ABC080,345 East Garage Corp.,212-472-1213,345 east 80th street,New York,New York,10075,Ultra,East of Central Park,
49,ABC082,400 Garage Corp.,212-650-1683,400 east 85th street,New York,New York,10028,Ultra,East of Central Park,
50,ABC083,220 West Garage Corp.,646-486-2148,220 west 26th street,New York,New York,10001,Ultra,Midtown West,
51,ABC084,East 14th Garage Corp,212-929-8529,7 east 14th street,New York,New York,10003,Ultra,Lower Manhattan,
52,ABC087,Cabrini Garage Corp,212-923-1381,900 west 190th street,New York,New York,10040,Ultra,Uptown Manhattan,
53,ABC088,250 West 19 Parking Corp,646-638-3558,250 west 19th street,New York,New York,10011,Ultra,Lower Manhattan,
54,ABC091,165 East Parking Corp,212-744-0264,165 east 72nd street,New York,New York,10021,Ultra,East of Central Park,
55,ABC094,Concourse Parking,718-943-2929,800 grand concourse,Bronx,New York,10451,Ultra,Bronx,
56,ABC095,245 E Garage Corp,212-752-0485,245 east 63rd street,New York,New York,10021,Ultra,East of Central Park,
57,ABC097,100 William Grarage,212-933-1981,72 john street,New York,New York,10038,Ultra,Lower Manhattan,
58,ABC099,220 East 63rd Garage Corp.,212-752-2178,220 east 63rd street,New York,New York,10065,Ultra,East of Central Park,
59,ABC129,Lenox Hill Hospital,212-288-6800,165 east 77th street,New York,New York,10021,Ultra,East of Central Park,
60,ABC154,Manhattan Eye Ear & Throat Hospital,212-752-0485,245 east 63rd street,New York,New York,10065,Ultra,Midtown East,
61,ABC178,Essex House Hotel,,160 central park south,New York,New York,10019,Ultra,Midtown West,
62,ABC212,73rd Street Parking Corp.,646-783-5192,1257-1265 3rd avenue,New York,New York,10021,Ultra,East of Central Park,
63,ABC221,605 Parking Corp,646-556-7342,605 park avenue,New York,New York,10021,Ultra,East of Central Park,
64,ABC222,Eleventh Ave Garage,212-967-7872,314 11th avenue,New York,New York,10001,Ultra,Midtown West,
65,ABC223,East 124 Garage,212-996-5940,245 east 124th street,New York,New York,10035,Ultra,Uptown Manhattan,
66,ABC224,East 61st Street,212-308-8291,150 east 61st street,New York,New York,10065,Ultra,East of Central Park,
67,ABC225,75 Wall Garage Corp,212-269-2404,75 wall street,New York,New York,10005,Ultra,Lower Manhattan,
68,ABC226,1510 Lex Garage,212-289-6257,1510 lexington avenue,New York,New York,10029,Ultra,East of Central Park,
69,ABC227,225 East 63rd,646-998-7568,220 madison avenue,New York,New York,10016,Ultra,Midtown East,
70,ABC228,22 North 6th,718-218-7570,22 north 6th street,Brooklyn,New York,11211,Ultra,Brooklyn,
71,ABC229,165 E 77th St Garage,212-288-6800,165 east 77th street,New York,New York,10021,Ultra,East of Central Park,
72,ABC230,Manhattan Ave. Garage Corp,646-243-6930,454 manhattan ave.,New York,New York,10026,Ultra,Uptown Manhattan,
73,ABC231,1501 Garage Mgmt,646-672-0608,1501 lexington avenue,New York,New York,10029,Ultra,East of Central Park,
74,ABC232,Henry Hudson Parking,718-432-1736,4525-4555 henry hudson pkwy.,Bronx,New York,10471,Ultra,Bronx,
75,ABC233,330 Third Ave,212-685-5773,330 3rd avenue,New York,New York,10001,Ultra,Midtown East,
76,ABC234,420 East 72nd Garage,646-532-2567,420 east 72nd street,New York,New York,10021,Ultra,East of Central Park,
77,ABC237,215 E 24th St,212-696-4603,215 east 24th street,New York,New York,10011,Ultra,Midtown West,
78,ABC239,34 North 7th Street,718-782-1494,34 north 7th street,Brooklyn,New York,11249,Ultra,Brooklyn,
79,ABC240,304 West 49th Parking,212-247-5602,304-306 west 49th street,New York,New York,10019,Ultra,Midtown West,
80,ABC243,NYULMC i Parking Corp.,212-731-5087,160 east 34th street,New York,New York,10016,Ultra,Midtown East,
81,ABC244,425 East 58 Garage,212-838-4447,425 east 58th street,New York,New York,10022,Ultra,Midtown East,
82,ABC245,10 East End Avenue Gar,212-439-1580,10 east end avenue,New York,New York,10075,Ultra,East of Central Park,
83,ABC246,116th - 117th Street Parking Corp,212-828-3370,23 west 116th street,New York,New York,10026,Ultra,Uptown Manhattan,
84,ABC247,515 Ninth Ave Parking Corp,212-828-3370,511 9th avenue,New York,New York,10018,Ultra,Midtown West,
85,ABC248,44 Elizabeth Street Parking Corp.,212-226-9425,44 elizabeth street,New York,New York,10013,Ultra,Lower Manhattan,
86,ABC249,455 CPW Parking,212-666-7246,455 central park west,New York,New York,10025,Ultra,West of Central Park,
87,ABC250,106 Mott Street Parking Corp.,212-219-8940,106 mott street,New York,New York,10013,Ultra,Lower Manhattan,
88,ABC251,776 Sixth Ave Parking Corp.,212-252-1673,776 6th avenue,New York,New York,10001,Ultra,Midtown West,
89,ABC252,North 4th Place Garage Corp,718-388-0378,1 north 4th street,Brooklyn,New York,11249,Ultra,Brooklyn,
90,ABC253,62 Mulberry Parking Corp.,212-267-3486,62-64 mulberry street,New York,New York,10013,Ultra,Lower Manhattan,
91,ABC254,310 East 46th Street Parking Corp.,347-424-6140,310 east 46th street,New York,New York,10017,Ultra,Midtown East,
92,ABC258,316 Bergen Parking Corp.,718-243-2329,312 bergen street,Brooklyn,New York,11217,Ultra,Brooklyn,
93,ABC259,West 161st Parkin Corp.,646-928-3465,519 west 161st street,New York,New York,10032,Ultra,Uptown Manhattan,
94,ABC260,210 Central Park South Parking Corp.,212-245-5400,210 central park south,New York,New York,10019,Ultra,Midtown West,
95,ABC261,247 North 7th Street Parking Corp.,929-337-8633,248 north 8th street,Brooklyn,New York,11248,Ultra,Brooklyn,
96,ABC264,340 East 74th Street Parking Corp.,212-249-4724,340 east 74th street,New York,New York,10021,Ultra,East of Central Park,
97,ABC265,333 East 75th Street Parking Corp.,212-249-4794,333 east 75th street,New York,New York,10021,Ultra,East of Central Park,
98,ABC266,155 East 55th Street Parking Corp.,212-319-1470,143-155 east 55th street,New York,New York,10022,Ultra,Midtown East,
99,ABC267,65 West 55th Street Parking Corp.,212-245-2053,57-67 west 55th street,New York,New York,10019,Ultra,Midtown West,
100,ABC268,170 Park Row Parking Corp.,646-609-6934,170 park row,New York,New York,10038,Ultra,Lower Manhattan,
101,ABC269,43-25 Hunter Street Parking Corp.,347-738-6170,43-25 hunter street,Long Island City,New York,11101,Ultra,Queens,
102,ABC270,255 Schermerhorn Street Parking Corp,347-763-2930,33 bond street,Brooklyn,New York,11201,Ultra,Brooklyn,
103,ABC273,560 W 43rd Street Parking Corp,212-695-5183,555 west 42nd street,New York,New York,10036,Ultra,Midtown West,
104,ABC274,59-61 West 36th Street Parking Corp,,59 west 36th street,New York,New York,10018,Ultra,Midtown West,
105,ABC276,1050 Fifth Avenue Parking Corp.,,1050 5th avenue,New York,New York,10028,Ultra,East of Central Park,
106,ABC277,254 West 79th Street Parking Corp,,254 west 79th street,New York,New York,10024,Ultra,Midtown West,
107,ABC278,159 West 53rd Parking Corp,212-245-1299,159-167 west 53rd street,New York,New York,10019,Ultra,Midtown West,
108,ABC280,390 Madison Parking Corp,,390 madison avenue,New York,New York,10017,Ultra,Midtown East,
109,ABC282,150 East 18th Street Parking Corp,,150 east 18th street,New York,New York,10003,Ultra,Midtown East,
110,ABC283,147-36 94th Avenue Parking Corp,,147-36 94th avenue,Jamaica,New York,11435,Ultra,Queens,
111,ABC284,200 East End Avenue Parking Corp,,200 east end avenue,New York,New York,10128,Ultra,Midtown East,
112,ABC286,142 West 57th Street Parking Corp,,146 west 57th street,New York,New York,10019,Ultra,Midtown West,
113,ABC288,Empire Outlets,,1 richmond terrace,Staten Island,New York,10301,Ultra,Staten Island,
114,ABC290,507 West 28th Street Parking Corp,,507 west 28th street,New York,New York,10001,Ultra,Midtown West,
115,ABC291,99 Park Avenue Parking Corp,,99 park avenue,New York,New York,10016,Ultra,Midtown East,
116,ABC999,88th Street Garage Corp.,212-736-7171,107 west 13th street,New York,New York,10011,,Not a garage,
117,AME001,Alarcon -Mordini,718-424-8148,77-11 roosevelt avenue,Jackson Heights,New York,11372,Plus,Queens,
118,AMP001,Ampco System,212-308-3770,17 east 54th street,New York,New York,10022,Ultra,Midtown East,
119,AMP002,Ampco System,212-754-2678,750 lexington avenue,New York,New York,10022,Ultra,Midtown East,
120,AMP003,ABM Parking Services - Park Avenue,212-213-1282,475 park avenue south,New York,New York,10016,Ultra,Midtown East,
121,AMP004,ABM Parking Services,212-223-8787,866 united nations plaza,New York,New York,10022,Ultra,Midtown East,
122,AMP005,ABM Parking Services,212-757-6500,1633 broadway,New York,New York,10018,Ultra,Midtown West,
123,AMP422,ABM Parking Systems Spruce St.,215-545-8899,1314 spruce street,Philadelphia,Pennsylvania,19107,Ultra,Philly and Vicinity,
124,BRD001,Interparking Garage LLC,718-792-6900,800 brady avenue,Bronx,New York,10462,B&W,Bronx,
125,BRD900,2010 Parking Inc.,718-892-9379,2010 westchester avenue,Bronx,New York,10462,Ticketech Mobile,Bronx,
126,BRD901,New Family Garage Corp.,718-588-8800,415 east 167th street,Bronx,New York,10452,Ticketech Mobile,Bronx,
127,BRD902,Bronxdale Garage LLC,718-597-8232,2000 white plains road,Bronx,New York,10462,Ticketech Mobile,Bronx,
128,CDC000,Main Office,202-496-4200,1225 eye street,Washington,DC,20005,,Not a garage,
129,CDC001,Washington Sq,202-833-2545,1050 connecticut avenue,Washington,DC,20036,Ultra,Washington DC and Vicinity,
130,CDC009,11 Dupont Circle,202-232-0126,11 dupont circle,Washington,DC,20036,Ultra,Washington DC and Vicinity,
131,CDC010,SP Plus Corporation - 91597,,1015 18th street nw,Washington,DC,20036,Ultra,Washington DC and Vicinity,
132,CDC100,SP Plus 1250 H St NW,,1250 h street nw,Washington,DC,20005,Ultra,Washington DC and Vicinity,
133,CDC146,1201 Eye St NW,202-289-6390,1201 i(eye) street nw,Washington,DC,20005,Ultra,Washington DC and Vicinity,
134,CDC166,SP Plus Corporation ***06652***,,1666 connecticut avenue nw,Washington,DC,20009,Ultra,Washington DC and Vicinity,Windows 10
135,CDC202,1225 Eye St,202-496-4253,1225 eye street nw,Washington,DC,20005,Ultra,Washington DC and Vicinity,
136,CDC393,1403 Wisconsin,202-338-5256,1403 wisconsin avenue,Washington,DC,20007,Ultra,Washington DC and Vicinity,
137,CDC396,SP+ #50396,301-686-4151,1133 19th street,Washington,DC,20036,Ultra,Washington DC and Vicinity,
138,CDC456,601 Pennsylvania,202-973-3917,601 pennsylvania nw,Washington,DC,20004,Ultra,Washington DC and Vicinity,
139,CDC460,625 Indiana Ave,202-393-0752,625 indiana avenue nw,Washington,DC,20004,Ultra,Washington DC and Vicinity,
140,CDC461,1145 19th Street,202-457-0838,1145 19th street,Washington,DC,20036,Ultra,Washington DC and Vicinity,Windows 10
141,CDC462,2141 K Street,202-822-2076,2141 k street nw,Washington,DC,20037,Ultra,Washington DC and Vicinity,Windows 10
142,CDC463,SP Plus Corporation,,1201 24th st nw,Washington,DC,20037,Ultra,Washington DC and Vicinity,
143,CDC472,2121 K Street,202-466-3930,2121 k street nw,Washington,DC,20006,Ultra,Washington DC and Vicinity,
144,CDC473,SP Plus Corporation - 06755,,1101 vermont avenue,Washington,DC,20005,Ultra,Washington DC and Vicinity,
145,CDC477,Union Center Plaza,877-717-0004,810 1st street ne,Washington,DC,20002,Ultra,Washington DC and Vicinity,
146,CDC486,1211 Connecticut,202-466-5567,1211 connecticut avenue nw,Washington,DC,20036,Ultra,Washington DC and Vicinity,
147,CDC487,1750 H Street,202-293-3773,1750 h street nw,Washington,DC,20006,Ultra,Washington DC and Vicinity,
148,CHK014,Ambro Operating Corp.,718-520-8669,70-20 108th street,Forest Hills,New York,11375,Plus,Queens,
149,CHK021,CARMEL GARAGE,718-520-8797,68-61 yellowstone blvd.,Forest Hills,New York,11375,B&W,Queens,
150,CHK035,Martin Garage LLC,,301 east 48th st,New York,New York,10017,Plus,Midtown East,
151,CNT000,Main Office,,360 west 31st street,New York,New York,10001,,Not a garage,
152,CNT001,New York Palace,212-421-3746,29 east 50th street,New York,New York,10022,Ultra,Midtown East,Windows 10
153,CNT003,Empire,212-725-3927,222-226 lexington avenue,New York,New York,10016,Ultra,Midtown East,Windows 10
154,CNT004,Allied Parking System,212-245-9652,23-25 west 55th street,New York,New York,10019,Ultra,Midtown West,Windows 7
155,CNT005,Kinney Central Parking,212-956-6243,910-924 9th avenue,New York,New York,10019,Ultra,Midtown West,Windows 10
156,CNT013,Hilton Hotel,212-977-1054,101-139 west 53rd street,New York,New York,10019,Ultra,Midtown West,Windows 7
157,CNT017,Vanger,212-759-8689,154 east 53rd street,New York,New York,10022,Ultra,Midtown East,Windows 7
158,CNT022,La Guardia,718-997-8350,102-01 66th road,Forest Hills,New York,11375,Ultra,Queens,Windows 10
159,CNT029,SFG,212-249-8960,204 east 80th street,New York,New York,10021,Ultra,East of Central Park,Windows 7
160,CNT035,375 Park Avenue,212-644-7429,375 park avenue,New York,New York,10022,Ultra,Midtown East,Windows 7
161,CNT061,Millenium Hotel,212-693-2001,55 church street,New York,New York,10007,Ultra,Lower Manhattan,Windows 7
162,CNT065,75 Park Place,212-732-6637,75 park place,New York,New York,10007,Ultra,Lower Manhattan,Windows 10
163,CNT071,109 East 58th Street,212-688-5040,109 east 58th street,New York,New York,10022,Ultra,Midtown East,Windows 7
164,CNT072,1250 Broadway,212-695-4568,1250 broadway,New York,New York,10001,Ultra,Midtown West,Windows 7
165,CNT097,NYU Village,212-253-9061,2 washington square village,New York,New York,10012,Ultra,Lower Manhattan,Windows 10
166,CNT119,NYPH - Allen,212-567-2347,5141 broadway,New York,New York,10032,Ultra,Uptown Manhattan,Windows 10
167,CNT131,115 East 87th Street,212-289-5040,115 east 87th street,New York,New York,10128,Ultra,East of Central Park,Windows 7
168,CNT134,NYPH - 160th St,212-305-8244,630 west 160th street,New York,New York,10032,Ultra,Uptown Manhattan,Windows 7
169,CNT135,NYPH - 166th St,212-305-7302,503 west 166th street,New York,New York,10032,Ultra,Uptown Manhattan,Windows 7
170,CNT147,Astor Place,212-722-0066,245 east 93rd street,New York,New York,10128,Ultra,East of Central Park,Windows 7
171,CNT156,Central Parking System,212-779-8311,350 east 30th street,New York,New York,10016,Ultra,Midtown East,Windows 10
172,CNT172,Drucker Lot,212-889-1020,7-11 west 28th street,New York,New York,10001,Ultra,Midtown West,Windows 7
173,CNT206,Central Parking NY,212-744-7641,45 east end avenue,New York,New York,10028,Ultra,East of Central Park,Windows 7
174,CNT208,140 West 51st Street,212-541-7418,132-146 west 51st street,New York,New York,10019,Ultra,Midtown West,Windows 10
175,CNT209,Galleria,212-317-1965,115 east 57th street,New York,New York,10022,Ultra,Midtown East,Windows 7
176,CNT213,SP Plus Corporation - Rock Center,,25-43 west 48th street,New York,New York,10020,Ultra,Midtown West,
177,CNT230,Union Square West,212-741-5163,21 east 15th street,New York,New York,10003,Ultra,Lower Manhattan,Windows 7
178,CNT272,SP Plus Corporation,,27-28 thomson avenue,Long Island City,New York,11101,Ultra,Queens,Windows 10
179,CNT306,MACYS,973-639-1919,131 market street,Newark,New Jersey,07102,Ultra,New Jersey,Windows 7
180,CNT459,Grand Hyatt New York,,109 east 42nd street,New York,New York,10017,Ultra,Midtown East,Windows 7
181,CNT460,Grand Central Garage,212-697-1814,335 madison avenue,New York,New York,10017,Ultra,Midtown East,Windows 7
182,CNT485,Rivercourt Garage,212-572-9965,425-429 east 52nd street,New York,New York,10022,Ultra,Midtown East,Windows 7
183,CNT488,Park Lane Garage,212-722-5529,185 east 85th street,New York,New York,10028,Ultra,East of Central Park,Windows 7
184,CNT501,Concorde,212-758-8413,222 east 65th street,New York,New York,10065,Ultra,East of Central Park,Windows 7
185,CNT514,21st Street Garage,212-633-6488,120 west 21st street,New York,New York,10011,Ultra,Lower Manhattan,Windows 7
186,CNT520,Parker Meridian,212-245-5000,109 west 56th street,New York,New York,10019,Ultra,Midtown West,Windows 7
187,CNT524,450 East 63rd Street,212-838-5717,450 east 63rd street,New York,New York,10021,Ultra,East of Central Park,Windows 7
188,CNT526,147 West 83rd Street,212-362-3900,147 west 83rd street,New York,New York,10024,Ultra,West of Central Park,Windows 7
189,CNT527,157 West 83rd Street,212-787-3066,157-161 west 83rd street,New York,New York,10024,Ultra,West of Central Park,Windows 7
190,CNT539,Stop-Park Garage Corp.,212-242-8451,18-20 morton street,New York,New York,10014,Ultra,Lower Manhattan,Windows 7
191,CNT540,Moore Street,212-941-7633,56 north moore street,New York,New York,10013,Ultra,Lower Manhattan,Windows 7
192,CNT545,Kinney 555 W 57 St,212-445-0172,838-852 11th avenue,New York,New York,10019,Ultra,Midtown West,Windows 7
193,CNT550,111 Worth Street,212-619-0415,101-117 worth street,New York,New York,10013,Ultra,Lower Manhattan,Windows 10
194,CNT551,Kinney on 66th Street,212-744-5511,301 east 66th street,New York,New York,10021,Ultra,East of Central Park,Windows 7
195,CNT555,711 Westend Avenue,212-866-5651,711 west end avenue,New York,New York,10025,Ultra,West of Central Park,Windows 7
196,CNT564,20 West 13th Street,212-352-8628,12-28 west 13th street,New York,New York,10011,Ultra,Lower Manhattan,Windows 7
197,CNT565,38 West Parking Corp.,212-719-5944,38 west 46th street,New York,New York,10036,Ultra,Midtown West,Windows 10
198,CNT569,Lane Towers,718-793-6813,107-36 queens blvd.,Forest Hills,New York,11375,Ultra,Queens,Windows 7
199,CNT570,205 West 89th Street,,205 west 89th street,New York,New York,10024,Ultra,Midtown West,Windows 10
200,CNT582,330 East 61st Street,212-758-1048,330 east 61st street,New York,New York,10065,Ultra,East of Central Park,Windows 7
201,CNT585,The Biltmore,212-977-1876,267 west 47th street,New York,New York,10019,Ultra,Midtown West,Windows 7
202,CNT588,Central Parking,212-246-4645,101 west 56th street,New York,New York,10019,Ultra,Midtown West,Windows 10
203,CNT593,Aston Garage,212-779-2272,800 6th avenue,New York,New York,10001,Ultra,Midtown West,Windows 7
204,CNT605,Promenade,212-517-4229,530 east 76th street,New York,New York,10021,Ultra,East of Central Park,Windows 10
205,CNT607,Kinney Charlton Corp,212-691-3109,14-18 charlton street,New York,New York,10013,Ultra,Lower Manhattan,Windows 7
206,CNT609,Friedland Garage,212-580-7413,214 west 80th street,New York,New York,10024,Ultra,West of Central Park,Windows 7
207,CNT611,340 East 80th,212-650-9569,340 east 80th street,New York,New York,10075,Ultra,East of Central Park,Windows 7
208,CNT618,Tower 31,212-868-1682,9 west 31st street,New York,New York,10001,Ultra,Midtown West,Windows 7
209,CNT621,Audubon Lot,212-543-3629,3960 broadway,New York,New York,10032,Ultra,Uptown Manhattan,Windows 7
210,CNT626,Johnson Ave,718-432-5834,2500 johnson avenue,Bronx,New York,10463,Ultra,Bronx,Windows 7
211,CNT642,Park Slope Brooklyn,718-499-0805,406 15th street,Brooklyn,New York,11215-5606,Ultra,Brooklyn,Windows 10
212,CNT647,Hub Brooklyn,,333 schermerhorn street,Brooklyn,New York,11207,Ultra,Brooklyn,Windows 10
213,CNT656,Central Parking,212-664-8564,40 west 57th street,New York,New York,10019,Ultra,Midtown West,Windows 10
214,CNT663,Central Parking,212-255-3953,587 6th avenue,New York,New York,10011,Ultra,Lower Manhattan,Windows 7
215,CNT669,Cadillac Garage,718-261-1673,126-05 queens blvd.,Kew Gardens,New York,11415,Ultra,Queens,Windows 7
216,CNT674,Central Parking,212-439-1951,910 5th avenue,New York,New York,10021,Ultra,East of Central Park,Windows 7
217,CNT684,1360 Fulton Street,718-778-6419,1360 fulton street,Brooklyn,New York,11216,Ultra,Brooklyn,Windows 10
218,CNT690,Central Parking,646-642-4539,132-35 sanford avenue,Flushing,New York,11355,Ultra,Queens,Windows 10
219,CNT705,Central Parking,212-268-7521,371 7th avenue,New York,New York,10001,Ultra,Midtown West,Windows 7
220,CNT707,Central Parking,212-864-4840,70 west 95th street,New York,New York,10025,Ultra,West of Central Park,Windows 7
221,CNT713,Central Parking,646-370-4174,885 6th avenue,New York,New York,10001,Ultra,Midtown West,Windows 7
222,CNT734,Sagamore,212-724-2818,601 amsterdam avenue,New York,New York,10024,Ultra,West of Central Park,Windows 7
223,CNT738,Central Parking,800-836-6666,215 east 80th street,New York,New York,10075,Ultra,East of Central Park,Windows 7
224,CNT740,SP+,212-922-0801,214 east 42nd street,New York,New York,10017,Ultra,Midtown East,Windows 7
225,CNT744,SP Plus Corporation,212-337-9549,133 west 22nd street,New York,New York,10011,Ultra,Lower Manhattan,Windows 7
226,CNT747,SP Plus Corporation,212-969-1803,555 west 59th street,New York,New York,10019,Ultra,Midtown West,Windows 7
227,CNT748,SP Plus Corporation,212-355-6502,240 east 47th street,New York,New York,10017,Ultra,Midtown East,Windows 7
228,CNT749,SP Plus Corporation,212-423-5975,354 east 91st street,New York,New York,10128,Ultra,East of Central Park,Windows 7
229,CNT751,SP Plus Corporation,212-304-0315,4055 10th avenue,New York,New York,10034,Ultra,Uptown Manhattan,Windows 7
230,CNT752,SP Plus Corporation,212-599-0184,200 park avenue,New York,New York,10166,Ultra,Midtown East,Windows 7
231,CNT753,SP Plus Corporation,212-523-1051,1090 amsterdam avenue,New York,New York,10025,Ultra,West of Central Park,Windows 7
232,CNT754,SP Plus Corporation,212-868-5893,436-438 9th avenue,New York,New York,10001,Ultra,Midtown West,Windows 7
233,CNT755,Mount Sinai Queens,,23-11 30th road,Astoria,New York,11101,Ultra,Queens,Windows 7
234,CNT757,SP Plus Corporation,,22-22 jackson avenue,Long Island City,New York,11101,Ultra,Queens,Windows 10
235,CNT762,200 Chambers Garage,212-587-6942,200 chambers street,New York,New York,10007,Ultra,Lower Manhattan,Windows 7
236,CNT764,SP Plus Corporation,212-535-2043,216-222 east 67th street,New York,New York,10065,Ultra,Midtown East,Windows 7
237,CNT765,SP Plus Corporation,212-957-3692,515 west 59th street,New York,New York,10019,Ultra,Midtown West,Windows 7
238,CNT766,SP Plus Corporation,212-421-0722,400 east 54th street,New York,New York,10022,Ultra,Midtown East,Windows 7
239,CNT768,SP Plus Corporation,,200 east 61st street,New York,New York,10065,Ultra,East of Central Park,Windows 7
240,CNT769,Central Parking Systems,718-729-3036,30-20 thomson avenue,Long Island City,New York,11101,Ultra,Queens,Windows 7
241,CNT770,SP Plus Corporation,,410 st. nicholas avenue,New York,New York,10027,Ultra,Uptown Manhattan,Windows 7
242,CNT771,SP Plus Corporation,,470 dean street,Brooklyn,New York,11217,Ultra,Brooklyn,Windows 7
243,CNT772,SP Plus Corporation,,37 blue slip,Brooklyn,New York,11222,Ultra,Brooklyn,Windows 10
244,CNT801,Observer Highway,201-798-4356,1 washington street,Hoboken,New Jersey,07030,Ultra,New Jersey,Windows 10
245,CNT809,Courthouse Garage,201-420-0034,600 newark avenue,Jersey City,New Jersey,07306,Ultra,New Jersey,Windows 7
246,CNT880,SP Plus Corporation,,131 amsterdam ave,New York,New York,10023,Ultra,West of Central Park,Windows 10
247,CPA130,Kinney System,856-338-0657,5th and market,Camden,New Jersey,08102,Ultra,Philly and Vicinity,Windows 10
248,CPS002,Bronx CarPark Systems Inc.,718-220-7726,2425 sedgwick avenue,Bronx,New York,10468,Plus,Bronx,
249,CPS016,Jenuwen Parking Corp.,718-284-8934,580-590 flatbush avenue,Brooklyn,New York,11225,Plus,Brooklyn,
250,CPS022,Cody Car Park Inc.,718-965-3644,555 11th street,Brooklyn,New York,11215,Plus,Brooklyn,
251,CPS024,CENTURY CAR PARK LLC,718-421-5446,3310-3510 avenue h,Brooklyn,New York,11210,B&W,Brooklyn,
252,CPS026,Plaza Car Park LLC,718-783-8601,2-10 plaza street,Brooklyn,New York,11238,Plus,Brooklyn,
253,CPS034,Zoom Car Park Inc.,718-365-6593,3130 grand concourse,Bronx,New York,10458,Plus,Bronx,
254,CPS036,Impact Parking,212-255-0100,333 west 26th street,New York,New York,10001,Ultra,Midtown West,
255,CPS048,101 Car Park LLC,212-242-7181,101 west 23rd street,New York,New York,10011,Ultra,Midtown West,
256,CPS054,Slope Car Park Inc.,718-788-8638,429-441 12th street,Brooklyn,New York,11215,Plus,Brooklyn,
257,CPS057,La Mirage Car Park Inc.,718-658-1645,178-10 wexford terrace,Queens,New York,11432,Plus,Queens,
258,CPS058,Wilshire Car Park Inc.,718-739-2974,183-03 hillside avenue,Queens,New York,11432,Plus,Queens,
259,CTY014,338 East 59th Street Garage LLC,212-755-1775,338-342 east 59th street,New York,New York,10022,Ultra,Midtown East,
260,CTY015,355 East 71st Street Garage LLC,212-879-9451,1325 first avenue,New York,New York,10021,Ultra,Midtown East,
261,CTY016,Brooklyn Bridge Garage LLC,718-488-0099,360 furman street,Brooklyn,New York,11201,Ultra,Brooklyn,
262,EEP007,East End Parking,212-534-8090,1480 sheridan expressway,Bronx,New York,10459,Plus,Bronx,
263,EPA001,Easy Parking,718-886-2878,136-19 franklin avenue,Flushing,New York,11355,Ultra,Queens,
264,EXC002,8936 Parking LLC,347-997-3401,89-36 sutphin blvd.,Jamaica,New York,11435,Ultra,Queens,
265,EXC004,87-10 Northern Blvd Parking LLC,718-424-6555,33-06 88th avenue,Jackson Heights,New York,11372,Ultra,Queens,
266,EXC006,456 Parking LLC,,456 grand street,Brooklyn,New York,11211,Ultra,Brooklyn,
267,EXC007,Xtell Parking LLC,,178-02 hillside avenue,Jamaica,New York,11432,Ultra,Queens,
268,FBR002,Gemini Garage,212-689-8303,202 east 40th street,New York,New York,10016,Ultra,Midtown East,
269,GGC001,Garsch Garage Corp,212-724-6927,175 west 87th street,New York,New York,10024,Ultra,West of Central Park,
270,GLE000,Main Office,,1385 york avenue,New York,New York,10021,,Not a garage,
271,GLE001,First Avenue Garage - Bamford,212-355-8030,333 east 56th street,New York,New York,10022,Ultra,Midtown East,
272,GLE002,10 Liberty Garage,212-509-5278,10 liberty street,New York,New York,10005,Ultra,Lower Manhattan,
273,GLE003,Barclay St Realty,212-227-9011,10 barclay street,New York,New York,10007,Ultra,Lower Manhattan,
274,GLE004,West 38th Street LLC,212-564-4987,320 west 38th street,New York,New York,10018,Ultra,Midtown West,
275,GLE038,East 39th Garage LLC - Paramount,212-599-8610,221 east 38th street,New York,New York,10016,Ultra,Midtown East,
276,GLE039,Crystal Green,212-967-7249,330 west 39th street,New York,New York,10018,Ultra,Midtown West,
277,GLE046,E 46th Garage Corp. - Belmont -,212-599-9495,320 east 46th street,New York,New York,10017,Ultra,Midtown East,
278,GLE056,E. 56th Garage Corp. - Bristol,212-991-0665,300 east 56th street,New York,New York,10022,Ultra,Midtown East,
279,GLE060,Columbus 60th,212-245-9594,45 west 60th street,New York,New York,10023,Ultra,West of Central Park,
280,GLE064,West 64 Street LLC,212-769-0546,1930 broadway,New York,New York,10023,Ultra,West of Central Park,
281,GLE072,Somerset Garage,212-650-0911,1365 york avenue,New York,New York,10021,Ultra,East of Central Park,
282,GLE073,East 73rd Garage Crop,212-650-1299,1385 york avenue,New York,New York,10011,Ultra,East of Central Park,
283,GLE075,E 75th Garage Corp. - Fairmont -,212-650-1416,300 east 75th street,New York,New York,10021,Ultra,East of Central Park,
284,GLE077,Pavilion E 77th Garage Corp.,212-650-1433,500 east 77th street,New York,New York,10162,Ultra,East of Central Park,
285,GLE079,Lucerne - E 79th Garage Corp.,212-650-1143,350 east 79tth street,New York,New York,10021,Ultra,East of Central Park,
286,GLE080,Caldwell,212-650-0854,1514-1520 york avenue,New York,New York,10028,Ultra,East of Central Park,
287,GLE081,East 81st Realty,212-650-9156,145 east 81st street,New York,New York,10028,Ultra,East of Central Park,
288,GLE085,East 85th LLC - Cambridge,212-650-9178,500 east 85th street,New York,New York,10128,Ultra,East of Central Park,
289,GLE088,E 88th Garage Corp. - Andover -,212-534-9465,1675 york avenue,New York,New York,10128,Ultra,East of Central Park,
290,GLE091,E 91st Garage Corp. - Barclay -,212-860-9888,1749 york avenue,New York,New York,10128,Ultra,East of Central Park,
291,GLE092,92nd Garage LLC - Brittany -,212-860-9627,1775 york avenue,New York,New York,10128,Ultra,East of Central Park,
292,GLE102,East 102nd Realty Hampton Court,212-369-0764,333 east 102nd street,New York,New York,10029,Ultra,East of Central Park,
293,GLE246,Briar Hill,718-548-9428,600-630 west 246th street,Bronx,New York,10471,Ultra,Bronx,
294,GMC000,Main Office,212-888-7400,training machine,New York,New York,,,Not a garage,
295,GMC001,Tower East Garage,212-249-1090,191 east 71st street,New York,New York,10021,Ultra,East of Central Park,
296,GMC003,ParkNLex,212-628-5770,115 east 75th street,New York,New York,10021,Ultra,East of Central Park,
297,GMC005,Duford Studio Garage,212-439-9022,127 east 83rd street,New York,New York,10028,Ultra,East of Central Park,
298,GMC006,225 W. 49 Development LLC,212-262-9779,225 west 49th street,New York,New York,10019,Ultra,Midtown West,
299,GMC009,919 Third Ave,212-753-2972,919 3rd avenue,New York,New York,10022,Ultra,Midtown East,
300,GMC016,East 71st Garage,212-879-1801,135 east 71st street,New York,New York,10021,Ultra,East of Central Park,
301,GMC017,Minetta Lane Owners LLC.,212-777-3530,122-128 west 3rd street,New York,New York,10012,Ultra,Lower Manhattan,
302,GMC018,315 E 65th,212-570-1732,322 east 66th street,New York,New York,10021,Ultra,East of Central Park,
303,GMC020,Mutual Parking,212-888-0637,340 east 64th street,New York,New York,10065,Ultra,East of Central Park,
304,GMC021,Carlton,212-688-7666,443 east 49th street,New York,New York,10017,Ultra,Midtown East,
305,GMC022,118 East 86th St,212-831-2700,118 east 86th street,New York,New York,10028,Ultra,East of Central Park,
306,GMC024,Charles Parking LLC,212-684-9704,200 east 27th street,New York,New York,10016,Ultra,Midtown East,
307,GMC025,200 C.P.S. Garage Co,212-265-1078,200 central park south,New York,New York,10019,Ultra,Midtown West,
308,GMC026,Mutual Parking,212-737-2568,1 gracie terrace,New York,New York,10028,Ultra,East of Central Park,
309,GMC027,388 Garage LLC Plus,718-855-1061,388 bridge street,Brooklyn,New York,11201,Ultra,Brooklyn,
310,GMC028,231 East 94th St Parking,212-722-4600,231-243 east 94th street,New York,New York,10128,Ultra,East of Central Park,
311,GMC029,550 West 45th St. Garage LLC,212-749-2548,550 west 45th street,New York,New York,10036,Ultra,Midtown West,
312,GMC031,Laureate Garage,212-750-2056,2148 broadway,New York,New York,10023,Ultra,West of Central Park,
313,GMC033,Washington Sq,212-533-8312,2 5th avenue,New York,New York,10011,Ultra,Lower Manhattan,
314,GMC035,60 Sutton Pl Parking,212-752-7504,60 sutton place,New York,New York,10022,Ultra,Midtown East,
315,GMC036,7 West 21st Street,212-243-6540,7 west 21st street,New York,New York,10010,Ultra,Lower Manhattan,
316,GMC037,111 East 82 Partners LLC.,212-288-9645,111 east 82 street,New York,New York,10028,Ultra,East of Central Park,
317,GMC040,60 Sutton Pl South,212-752-7529,60 sutton place,New York,New York,10022,Ultra,Midtown East,
318,GMC041,124 East 63rd Street Realty CO.,212-838-2720,124 east 63rd street,New York,New York,10021,Ultra,East of Central Park,
319,GMC042,Martin Garage LLC,646-864-2919,301 east 48th street,New York,New York,10017,Ultra,Midtown East,
320,GMC043,Almar Garage Inc,212-744-4750,700 park avenue,New York,New York,10021,Ultra,Midtown East,
321,GMC044,Stellmar Garage,212-879-8798,27 and 30 east 65th street,New York,New York,10021,Ultra,East of Central Park,
322,GMC045,300 East 34th Garage,212-481-6016,300 east 34th street,New York,New York,10016,Ultra,Midtown East,
323,GMC047,Wellesley,212-249-5514,203 east 71st street,New York,New York,10021,Ultra,East of Central Park,
324,GMC049,10 West 21st Street,212-529-9614,4 west 21st street,New York,New York,10011,Ultra,Lower Manhattan,
325,GMC050,GMC 89th Parking,212-831-8816,50 east 89th street,New York,New York,10028,Ultra,East of Central Park,
326,GMC051,Chelnik Operating LLC,212-988-9130,880 5th avenue,New York,New York,10021,Ultra,Midtown East,
327,GMC052,Continental Towers,212-650-1936,301 east 79th street,New York,New York,10021,Ultra,East of Central Park,
328,GMC053,Belmont Garage Co,212-288-9170,113 east 84th street,New York,New York,10028,Ultra,East of Central Park,
329,GMC056,Phase II Block A,201-792-4276,121 river street,Hoboken,New Jersey,07030,Ultra,New Jersey,
330,GMC059,Hoboken Waterfront Center 3,,221 river street,Hoboken,New Jersey,07030,Ultra,New Jersey,
331,GMC060,Redball Garage,212-683-2056,142 east 31st street,New York,New York,10016,Ultra,Midtown East,
332,GMC061,420 East 51st St,212-838-7565,420 east 51st street,New York,New York,10022,Ultra,Midtown East,
333,GMC063,400 East 56 Parking LLC,212-752-2884,400 east 56th street,New York,New York,10022,Ultra,Midtown East,
334,GMC064,400 East 56 Parking LLC,212-753-8148,435 east 55th street,New York,New York,10022,Ultra,Midtown East,
335,GMC066,310 East 48th,212-838-1088,310 east 48th street,New York,New York,10017,Ultra,Midtown East,
336,GMC067,420 East 53rd,212-759-5290,420 east 53rd street,New York,New York,10022,Ultra,Midtown East,
337,GMC069,Hudson Tower Garage,212-945-3646,320 albany street,New York,New York,10280,Ultra,Lower Manhattan,
338,GMC070,Townhouse,212-288-1798,177-181 east 73rd street,New York,New York,10021,Ultra,East of Central Park,
339,GMC071,80 East End Ave,212-517-5709,80 east end ave,New York,New York,10028,Ultra,East of Central Park,
340,GMC075,Adams Tower Garage,212-628-1994,351 east 84th street,New York,New York,10028,Ultra,East of Central Park,
341,GMC076,Bond Street Gar,212-375-0300,25 bond street,New York,New York,10012,Ultra,Lower Manhattan,
342,GMC077,Windsor Parking,212-288-6969,332 east 76th street,New York,New York,10021,Ultra,East of Central Park,
343,GMC078,305 East 80th Sr Garage corp,212-628-3121,305 east 80th street,New York,New York,10075,Ultra,East of Central Park,
344,GMC081,Garage Management Corp,212-262-3800,44 west 62nd street,New York,New York,10023,Ultra,West of Central Park,
345,GMC082,Copley Associates,212-787- 6990,2000 broadway,New York,New York,10023,Ultra,West of Central Park,
346,GMC083,Embassy Parking,212-744-0868,120 east 81st street,New York,New York,10028,Ultra,East of Central Park,
347,GMC084,8 East 83rd Garage,212-535-2890,8 east 83rd street,New York,New York,10028,Ultra,East of Central Park,
348,GMC085,Ribar Owners LLC.,212-929-3041,160 west 10th street,New York,New York,10014,Ultra,Lower Manhattan,
349,GMC086,532 West 122nd St,212-961-1075,532-538 west 122nd street,New York,New York,10027,Ultra,Uptown Manhattan,
350,GMC087,New 12th Street Garage LLC,212-924-1604,110 university place,New York,New York,10003,Ultra,Lower Manhattan,
351,GMC088,132 West 56th St,212-265-0841,156 west 56th street,New York,New York,10019,Ultra,Midtown West,
352,GMC090,New Systems,212-879-9796,337 east 64th street,New York,New York,10021,Ultra,East of Central Park,
353,GMC091,Savannah Garage,212-874-2486,250 west 89th street,New York,New York,10024,Ultra,West of Central Park,
354,GMC093,85 John Street,212-385-9182,85 john street,New York,New York,10038,Ultra,Lower Manhattan,
355,GMC096,171 E 84th Parking LLC,212-628-4550,171 east 84th street,New York,New York,10028,Ultra,East of Central Park,
356,GOT004,Stable Car Park,718-921-1513,9201 4th avenue,Brooklyn,New York,11209,Plus,Brooklyn,
357,GOT117,Park 117th LLC,212-222-0242,279 west 117th street,New York,New York,10026,Plus,West of Central Park,
358,GOT139,Park 139 LLC,212-234-0855,34 west 139th street,New York,New York,10037,Plus,Uptown Manhattan,
359,GOT153,Stable Car parking Inc. - 153rd St.,212-491-5572,614 west 153rd street,New York,New York,10031,Plus,Uptown Manhattan,
360,GOT164,Courtesy Parking LLC,718-588-9565,283 east 164th street,Bronx,New York,10454,Ultra,Bronx,
361,HIL175,175 Parking Corp,718-523-5714,175-11 hillside avenue,Jamaica,New York,11432,Ultra,Queens,
362,INT009,"LAZ Parking NY, NJ LLC",212-650-0702,9 west 57th street,New York,New York,10019,Ultra,Midtown West,
363,INT010,1501 M Street,202-298-7030,1501 m street,Washington,DC,20005,Plus,Washington DC and Vicinity,
364,INT012,2025 M Street,202-785-4998,2025 m street nw,Washington,DC,20036,Plus,Washington DC and Vicinity,
365,INT029,Liberty Place,202-785-5189,325 7th street nw,Washington,DC,20004,Plus,Washington DC and Vicinity,
366,INT040,"LAZ Parking NY,NJ LLC",,40 w. 116th st,New York,New York,10026,Ultra,West of Central Park,
367,INT067,"LAZ Parking NY, NJ LLC",212-650-0702,250 east 67th street,New York,New York,10065,Ultra,East of Central Park,
368,INT072,"LAZ Parking NY, NJ LLC",212-535-4718,525 east 72nd street,New York,New York,10021,Ultra,East of Central Park,
369,INT073,"Laz parking NY, NJ LLC 590635",,685 1st avenue,New York,New York,10016,Ultra,Midtown East,
370,INT087,"LAZ Parking NY, NJ LLC",212-628-1340,501 east 87th street,New York,New York,10128,Ultra,East of Central Park,
371,INT140,LAZ Parking NY NJ LLC 590609,,140-160 riverside blvd,New York,New York,10069,Ultra,West of Central Park,
372,INT148,1700 Pennsylvania,202-785-4979,1700 pennsylvania avenue,Washington,DC,20005,Plus,Washington DC and Vicinity,
373,INT174,"LAZ Parking NY, NJ LLC - 590612",,555 waverly ave,Brooklyn,New York,11238,Ultra,Brooklyn,
374,INT175,LAZ Parking,718-388-0134,175 kent avenue,Brooklyn,New York,11249,Ultra,Brooklyn,
375,INT176,"LAZ Parking NY, NJ LLC",,203 jay street,Brooklyn,New York,11201,Ultra,Brooklyn,
376,INT180,LAZ Parking NY NJ LLC 590610,,180 riverside blvd,New York,New York,10069,Ultra,West of Central Park,
377,INT210,Laz Parking NY NJ LLC,212-568-3534,210 cabrini boulevard,New York,New York,10033,Ultra,Uptown Manhattan,
378,INT293,Laz Parking NY NJ,,293 hudson street,New York,New York,10013,Ultra,Lower Manhattan,
379,INT300,"LAZ Parking NY, NJ LLC",,504 myrtle avenue,Brooklyn,New York,11205,Ultra,Brooklyn,
380,INT340,LAZ Parking NY/NJ LLC - 590340,,420 east 20th street,New York,New York,10009,Ultra,Lower Manhattan,
381,INT341,LAZ Parking NY/NJ LLC - 590341,,528 east 20th street,New York,New York,10009,Ultra,Lower Manhattan,
382,INT342,LAZ Parking NY/NJ LLC - 590342,,325-327 ave c loop,New York,New York,10009,Ultra,Lower Manhattan,
383,INT343,LAZ Parking NY/NJ LLC - 590343,,279 avenue c,New York,New York,10009,Ultra,Lower Manhattan,
384,INT344,LAZ Parking NY/NJ LLC - 590344,,251 avenue c,New York,New York,10009,Ultra,Lower Manhattan,
385,INT345,LAZ Parking NY/NJ LLC - 590345,,527 east 14th street,New York,New York,10009,Ultra,Lower Manhattan,
386,INT502,LAZ Parking,202-347-4060,1401 new york ave,Washington,DC,20005,Ultra,Washington DC and Vicinity,
387,INT503,LAZ Parking - 570222,,700 13th street,Washington,DC,20005,Ultra,Washington DC and Vicinity,
388,INT779,"LAZ Parking NY, NJ LLC",646-682-9170,779 riverside drive,New York,New York,10032,Ultra,Uptown Manhattan,
389,INW500,1430 Inwood LLC,718-410-2125,1430 inwood avenue,Bronx,New York,10452,Plus,Bronx,
390,IPK122,NYC73,,120 east 122nd street,New York,New York,10035,B&W,East of Central Park,
391,IPK501,1250 Connecticut,240-855-2459,1250 connecticut avenue nw,Washington,DC,20036,Plus,Washington DC and Vicinity,
392,IPK502,1400 K Street,202-903-9392,1400 k street nw,Washington,DC,20005,Plus,Washington DC and Vicinity,
393,IPK504,Impark Lot #019,,901 4th street nw,Washington,DC,20001,Plus,Washington DC and Vicinity,
394,ITP001,Park Lane Garage,718-874-0221,116-24 grosvenor lane,Richmond Hill,New York,11418,Ultra,Queens,
395,ITP002,4172 Gargage Mgmt LLC,,4172 broadway,New York,New York,10033,Ultra,Uptown Manhattan,
396,ITP003,4162 Gargage Mgmt LLC,,4162 broadway,New York,New York,10033,Ultra,Uptown Manhattan,
397,ITP004,Rector Garage Mgmt LLC,,225 rector street,New York,New York,10280,Ultra,Lower Manhattan,
398,ITP005,W17th Garage,212-242-6264,151 west 17th street,New York,New York,10011,Ultra,Lower Manhattan,
399,ITP006,80 Park Garage Mgmt LLC,212-557-3311,35 east 38th street,New York,New York,10016,Ultra,Midtown East,
400,JMK001,1545 PARKING CORP.,718-731-8253,1545 jerome avenue,Bronx,New York,10452,Ultra,Bronx,
402,KIN087,Enterprise 87 Corp.,212-722-2291,1065 park avenue,New York,New York,10128,Ultra,East of Central Park,
403,LAN791,Lanier Parking,215-568-4025,925 walnut street,Philadelphia,Pennsylvania,19107,Ultra,Philly and Vicinity,
404,LGC002,Adams Parking Corp.,718-643-6440,66 sands street,Brooklyn,New York,11201,B&W,Brooklyn,
405,MAM013,PPS Gold LLC,212-360-6300,13 gold street,New York,New York,10038,Plus,Lower Manhattan,
406,MAM032,5 Square Management,,321 wythe avenue,Brooklyn,New York,11249,Ultra,Brooklyn,
407,MAM033,PPS Lafayette Corp,,325 lafayette avenue,Brooklyn,New York,11238,Ultra,Brooklyn,
408,MAM040,PP Management 1 LLC,917-742-1110,89 bartlett street,Brooklyn,New York,11206,Plus,Brooklyn,
409,MAM050,Junction Elmhurst 27 Corp.,718-844-8716,94-25 57th avenue,Elmhurst,New York,11373,Plus,Queens,
410,MAM053,4 Square Management,718-384-4053,53 broadway,Brooklyn,New York,11249,Plus,Brooklyn,
411,MAM117,Park North Parking,212-360-0004,220 east 117th street,New York,New York,10035,Plus,Uptown Manhattan,
412,MLH000,Main Office,212-686-9800,270 madison avenue,New York,New York,10016,,Not a garage,
413,MLH001,Boston Devonshire,617-227-2446,one devonshire place,Boston,Massachusetts,02109,Ultra,Boston and Vicinity,
414,MLH004,Atlantic Garage,617-526-0720,500 atlantic avenue,Boston,Massachusetts,02210,Ultra,Boston and Vicinity,
415,MLH006,University 10 Parking,212-979-5380,63 east 9th street,New York,New York,10003,Ultra,Lower Manhattan,
416,MLH007,South William Parking,212-269-5056,14-26 south william street,New York,New York,10004,Ultra,Lower Manhattan,
417,MLH009,Unique Parking,212-674-9528,41-47 east 21st street,New York,New York,10010,Ultra,Lower Manhattan,
418,MLH010,Park Serve,212-397-9028,140-166 west 53rd street,New York,New York,10019,Ultra,Midtown West,
419,MLH012,West Plaza 29,212-684-9526,500-520 2nd avenue,New York,New York,10016,Ultra,Midtown East,
420,MLH014,1114 Sixth Parking,212-997-8995,1114 6th avenue,New York,New York,10036,Ultra,Midtown West,
421,MLH015,2 Lincoln Parking LLC,212-874-8639,2 lincoln plaza,New York,New York,10023,Ultra,West of Central Park,
422,MLH016,Affiliated Parking,212-599-9024,247-261 madison avenue,New York,New York,10016,Ultra,Midtown East,
423,MLH017,53rd Sterling Parking,212-223-3181,304 east 53rd street,New York,New York,10022,Ultra,Midtown East,
424,MLH018,MPC Parking LLC,212-980-0215,1104 2nd avenue,New York,New York,10022,Ultra,Midtown East,
425,MLH019,Select Parking,212-755-6223,301 east 57th street,New York,New York,10022,Ultra,Midtown East,
426,MLH020,Livingston Parking,718-855-1180,111 livingston street,Brooklyn,New York,11201,Ultra,Brooklyn,
427,MLH021,Albany St Parking,212-227-8770,90 west street,New York,New York,10006,Ultra,Lower Manhattan,
428,MLH022,2nd and 22nd Parking,212-475-1701,301 east 22nd street,New York,New York,10010,Ultra,Lower Manhattan,
429,MLH024,Gramercy 24 Parking,212-683-4009,401-409 2nd avenue,New York,New York,10010,Ultra,Midtown East,
430,MLH025,111 Eighth Avenue,212-929-8164,111 8th avenue,New York,New York,10011,Ultra,Lower Manhattan,
431,MLH026,West Plaza Garage LLC,212-252-8038,301 east 26th street,New York,New York,10010,Ultra,Midtown East,
432,MLH027,Floral 26 Parking,212-206-8749,55 west 25th street,New York,New York,10010,Ultra,Midtown West,
433,MLH028,Clinton 53 Parking LLC,212-956-3218,515 west 52nd street,New York,New York,10019,Ultra,Midtown West,
434,MLH029,Kips Bay 27 Parking,212-684-8934,236-246 east 27th street,New York,New York,10010,Ultra,Midtown East,
435,MLH030,205 East 38th St,646-964-4339,205 east 38th street,New York,New York,10016,Ultra,Midtown East,
436,MLH032,Mercury Parking,212-265-5035,350 west 50th street,New York,New York,10019,Ultra,Midtown West,
437,MLH034,Tunnel 34 Parking,212-689-2730,222 east 34th street,New York,New York,10016,Ultra,Midtown East,
438,MLH035,Lafayette Place,212-777-1659,445 lafayette street,New York,New York,10003,Ultra,Lower Manhattan,
439,MLH037,Park Avenue 39 Parking,212-682-6884,90 park avenue,New York,New York,10016,Ultra,Midtown East,
440,MLH039,39th And Eight Parking,212-695-3472,310-312 west 39th street,New York,New York,10018,Ultra,Midtown West,
441,MLH042,Westside 42 Parking,212-594-4546,350 west 42nd street,New York,New York,10036,Ultra,Midtown West,
442,MLH043,Theater 50 Parking LLC,212-307-0650,305 west 50th street,New York,New York,10019,Ultra,Midtown West,
443,MLH049,Zenith Parking LLC,212-581-8590,790-806 8th avenue,New York,New York,10019,Ultra,Midtown West,
444,MLH051,HJ Parking LLC,212-581-8490,851-9 8th avenue,New York,New York,10019,Ultra,Midtown West,
445,MLH052,Circle Parking,212-397-9029,200-206 west 52nd street,New York,New York,10019,Ultra,Midtown West,
446,MLH054,Sutton 53 Parking,212-644-6312,410-422 east 54th street,New York,New York,10022,Ultra,Midtown East,
447,MLH056,Liberty View,212-842-2305,2 river terrace,New York,New York,10007,Ultra,Lower Manhattan,
448,MLH057,Apex Parking,212-765-7069,440 west 57th street,New York,New York,10019,Ultra,Midtown West,
449,MLH058,Lexington 58 Parking,212-755-8678,150 east 58th street,New York,New York,10155,Ultra,Midtown East,
450,MLH059,59 and 5th Parking,212-980-7092,767 5th avenue,New York,New York,10022,Ultra,Midtown East,
451,MLH060,Tower 25 Parking,212-213-1349,305 east 24th street,New York,New York,10010,Ultra,Midtown East,
452,MLH062,Global Parking,212-221-9485,143-145 west 40th street,New York,New York,10018,Ultra,Midtown West,
453,MLH063,Uptown Parking,212-750-3535,201-207 east 63rd street,New York,New York,10021,Ultra,East of Central Park,
454,MLH064,Broadway & 64th Parking,212-724-6282,1900 broadway,New York,New York,10023,Ultra,West of Central Park,
455,MLH065,Eastside 65 Parking,212-644-7413,200 east 66th street,New York,New York,10021,Ultra,East of Central Park,
456,MLH066,Primary Parking,212-245-1268,721 10th avenue,New York,New York,10019,Ultra,Midtown West,
457,MLH068,Omni Parking LLC,212-874-9664,143-159 west 68th street,New York,New York,10023,Ultra,West of Central Park,
458,MLH069,Regal Parking,212-725-9319,250-264 madison avenue,New York,New York,10016,Ultra,Midtown East,
459,MLH070,Metropolitan 51 Parking,212-308-8474,569-573 lexington avenue,New York,New York,10022,Ultra,Midtown East,
460,MLH072,East River 72nd Garage,212-249-8196,515 east 72nd street,New York,New York,10021,Ultra,East of Central Park,
461,MLH075,Astor Parking,212-869-3543,1511-1515 broadway,New York,New York,10036,Ultra,Midtown West,
462,MLH076,Resource Parking,212-997-9115,1540-1548 broadway,New York,New York,10036,Ultra,Midtown West,
463,MLH077,Command Parking,212-664-9042,1700 broadway,New York,New York,10019,Ultra,Midtown West,
464,MLH078,Port Parking LLC,212-245-9421,235 west 48th street,New York,New York,10036,Ultra,Midtown West,
465,MLH079,Advance Parking,212-221-8902,249-253 west 43rd street,New York,New York,10036,Ultra,Midtown West,
466,MLH080,Patriot - A -,212-227-6940,308-332 greenwich street,New York,New York,10013,Ultra,Lower Manhattan,
467,MLH081,Patriot -B-,212-619-2790,35 harrison street,New York,New York,10013,Ultra,Lower Manhattan,
468,MLH082,Patriot -C-,212-608-2780,42 harrison street,New York,New York,10013,Ultra,Lower Manhattan,
469,MLH083,Patriot -D-,212-608-4182,374 greenwich street,New York,New York,10013,Ultra,Lower Manhattan,
470,MLH084,Patriot -E-,212-227-7035,376 greenwich street,New York,New York,10013,Ultra,Lower Manhattan,
471,MLH086,80 Riverside,212-245-1840,80 riverside blvd.,New York,New York,10069,Ultra,West of Central Park,
472,MLH087,Valor Parking,212-599-9717,235 east 45th street,New York,New York,10017,Ultra,Midtown East,
473,MLH088,Mansion 88 Parking,212-734-0276,170 east end avenue,New York,New York,10128,Ultra,East of Central Park,
474,MLH090,1330 Sixth Parking,212-586-0169,1330 avenue of the americas,New York,New York,10019,Ultra,Midtown West,
475,MLH092,79 Street Parking,212-650-1612,900 park avenue,New York,New York,10021,Ultra,East of Central Park,
476,MLH094,Pace Parking,212-502-5908,990-996 avenue of the americas,New York,New York,10018,Ultra,Midtown West,
477,MLH095,1350 Sixth Parking,212-582-4294,1350 avenue of the americas,New York,New York,10019,Ultra,Midtown West,
478,MLH096,215 E 95th St,212-735-6767,201-205 east 95th street,New York,New York,10128,Ultra,East of Central Park,
479,MLH097,Hudson View,212-974-9608,747 10th avenue,New York,New York,10019,Ultra,Midtown West,
480,MLH098,Carlisle Parking,212-619-4235,75 west street,New York,New York,10006,Ultra,Lower Manhattan,
481,MLH100,100 Riverside,212-724-0107,100 riverside blvd. (entry on 64th street),New York,New York,10023,Ultra,West of Central Park,
482,MLH102,Beneficial 21 Parking,212-473-0400,329 east 21st street,New York,New York,10010,Ultra,Lower Manhattan,
483,MLH103,Little Liberty 1,212-964-0236,211 north end avenue,New York,New York,10282,Ultra,Lower Manhattan,
484,MLH104,Vincent 15 Parking,212-243-4201,553-571 avenue of the americas,New York,New York,10011,Ultra,Lower Manhattan,
485,MLH106,Newbury Operating,212-534-9303,249-257 east 86th street,New York,New York,10028,Ultra,East of Central Park,
486,MLH107,110 East 16th St,212-473-9056,110 east 16th street,New York,New York,10003,Ultra,Lower Manhattan,
487,MLH108,Excellent Parking,212-684-8259,153-155 east 29th street,New York,New York,10016,Ultra,Midtown East,
488,MLH109,Claridge 87 Parking,212-987-3879,200-206 east 87th street,New York,New York,10128,Ultra,East of Central Park,
489,MLH110,Church St Parking,212-962-9011,110 church street,New York,New York,10013,Ultra,Lower Manhattan,
490,MLH111,Distinctive Parking,212-980-3057,35-39 east 61st street,New York,New York,10021,Ultra,East of Central Park,
491,MLH112,8th Street Parking,212-475-9562,11 5th avenue,New York,New York,10003,Ultra,Lower Manhattan,
492,MLH114,22nd and Sixth,646-230-7263,60 west 23rd street,New York,New York,10010,Ultra,Lower Manhattan,
493,MLH115,Bristol 65 Parking,212-319-1485,200-210 east 65th street,New York,New York,10021,Ultra,East of Central Park,
494,MLH116,Brevoort,212-473-9751,20 east 9th street,New York,New York,10003,Ultra,Lower Manhattan,
495,MLH117,Atrium Parking,212-502-5324,155-167 west 36th street,New York,New York,10018,Ultra,Midtown West,
496,MLH119,Lincoln 63,212-586-1660,1886-1896 broadway,New York,New York,10023,Ultra,West of Central Park,
497,MLH150,King 67 LLC,212-712-1710,150 amsterdam avenue,New York,New York,10023,Ultra,West of Central Park,
498,MLH155,Hanover Parking,212-509-3482,7 hanover square (entrance on pearl street),New York,New York,10004,Ultra,Lower Manhattan,
499,MLH161,Premier Parking LLC,212-308-9248,203 east 61st street,New York,New York,10021,Ultra,East of Central Park,
500,MLH170,Efficient Parking,212-741-9410,170 west 23rd street,New York,New York,10011,Ultra,Lower Manhattan,
501,MLH200,Rector West,212-786-4796,200 rector place (entrance on w thames street),New York,New York,10280,Ultra,Lower Manhattan,
502,MLH220,220 Riverside Parking,212-501-0016,220 riverside blvd.,New York,New York,10023,Ultra,West of Central Park,
503,MLH233,Barclay Street Parking,212-732-2943,233 broadway,New York,New York,10007,Ultra,Lower Manhattan,
504,MLH240,240 Riverside Parking,212-362-6273,240 riverside blvd.,New York,New York,10023,Ultra,West of Central Park,
505,MLH245,245 East 19th Street,212-228-7973,245 east 19th street,New York,New York,10003,Ultra,Lower Manhattan,
506,MLH256,Innovative Parking Corp.,212-883-1265,301-311 east 40th street,New York,New York,10016,Ultra,Midtown East,
507,MLH257,Realpro Parking,212-599-8670,330 east 39th street,New York,New York,10016,Ultra,Midtown East,
508,MLH258,245 E 40th St. Parking LLC,212-599-9485,747-59 2nd avenue,New York,New York,10016,Ultra,Midtown East,
509,MLH260,Reliant Parking Corp.,212-874-9934,225 west 83rd street,New York,New York,10024,Ultra,West of Central Park,
510,MLH300,Greenlux Parking,212-786-4982,300 north end avenue,New York,New York,10282,Ultra,Lower Manhattan,
511,MLH330,Columbus Circle,212-245-9634,330 west 58th street,New York,New York,10019,Ultra,Midtown West,
512,MLH350,MHM Parking LLC,212-599-9807,560 3rd avenue,New York,New York,10016,Ultra,Midtown East,
513,MLH370,Noble Parking LLC,212-599-9762,310 east 40th street,New York,New York,10016,Ultra,Midtown East,
514,MLH375,375 HUD Parking,212-691-2414,375 hudson street,New York,New York,10014,Ultra,Lower Manhattan,
515,MLH435,Effective Parking,212-664-8849,435 west 57th street,New York,New York,10019,Ultra,Midtown West,
516,MLH501,Broadway Garage,212-974-6147,225-251 west 56th street,New York,New York,10019,Ultra,Midtown West,
517,MLH505,QP 808 Garage,212-866-2288,808 columbus avenue,New York,New York,10025,Ultra,West of Central Park,
518,MLH506,QP West 42nd St,212-564-0410,600 west 42nd street,New York,New York,10036,Ultra,Midtown West,
519,MLH507,QP 1133 Garage,212-398-0464,1133 6th avenue,New York,New York,10036,Ultra,Midtown West,
520,MLH511,QuikPark West 12th St,646-336-6225,175-179 west 12th street,New York,New York,10011,Ultra,Lower Manhattan,
521,MLH513,QP 50 West 93,212-663-8597,50 west 93rd street,New York,New York,10025,Ultra,West of Central Park,
522,MLH515,QP 70 West 93rd Street,212-866-8978,70 west 93rd street,New York,New York,10025,Ultra,West of Central Park,
523,MLH516,QP East 73rd st,212-452-1324,524 east 73rd street,New York,New York,10018,Ultra,East of Central Park,
524,MLH517,Hudson River Garage LLC #2,212-362-0161,200 riverside blvd,New York,New York,10069,Ultra,West of Central Park,
525,MLH522,West 23th St Garage LLC,212-352-0514,435 west 23rd street,New York,New York,10011,Ultra,Lower Manhattan,
526,MLH523,CRL/RL West 58th,212-977-7422,116 central park south,New York,New York,10019,Ultra,Midtown West,
527,MLH524,QP Central Park,212-969-1863,1880 broadway,New York,New York,10023,Ultra,West of Central Park,
528,MLH525,QuikPark 86th St,212-650-9677,444 east 86th street,New York,New York,10028,Ultra,East of Central Park,
529,MLH527,QK East 67th,212-535-2244,400 east 67th street,New York,New York,10021,Ultra,East of Central Park,
530,MLH529,QP 801 Garage,212-222-3289,801 amsterdam avenue,New York,New York,10025,Ultra,West of Central Park,
531,MLH530,Garden Lots LLC,212-564-2627,125 west 31st street,New York,New York,10001,Ultra,Midtown West,
532,MLH531,Garden Garage LLC,212-947-5808,253-255 west 29th street,New York,New York,10001,Ultra,Midtown West,
533,MLH532,Garden Garage 8th Ave,212-947-5805,384-386 8th avenue,New York,New York,10001,Ultra,Midtown West,
534,MLH533,Regent Garage Corp.,212-349-2299,38 bowery street,New York,New York,10013,Ultra,Lower Manhattan,
535,MLH534,Quik Park West 22nd St,212-741-7371,235 west 22nd street,New York,New York,10011,Ultra,Lower Manhattan,
536,MLH535,QP E 36th LLP,212-481-2871,221 east 36th street,New York,New York,10016,Ultra,Midtown East,
537,MLH537,Chesapeake Garage Corp.,212-650-1854,401 east 80th street,New York,New York,10021,Ultra,East of Central Park,
538,MLH539,East 82nd Street Garage LLC,212-988-9099,350 east 82nd street,New York,New York,10028,Ultra,East of Central Park,
539,MLH540,QP West 41st St,212-868-3107,601 west 41st street,New York,New York,10036,Ultra,Midtown West,
540,MLH541,Quik Park Berry LLC,718-388-3406,197 berry street,Brooklyn,New York,11211,Ultra,Brooklyn,
541,MLH542,QP SCH Garage,718-852-6294,236 livingston street (entrance on schermerhorn),Brooklyn,New York,11217,Ultra,Brooklyn,
542,MLH543,QP Cooper,212-289-9905,301-329 east 86th street,New York,New York,10028,Ultra,East of Central Park,
543,MLH545,QP East 88th St,212-427-4893,160 east 88th street,New York,New York,10128,Ultra,East of Central Park,
544,MLH547,York Avenue Garage Corp.,212-396-2794,401 east 70th street,New York,New York,10021,Ultra,East of Central Park,
545,MLH548,Southern Garage Corp.,212-514-8630,1 new york plaza,New York,New York,10004,Ultra,Lower Manhattan,
546,MLH550,Water St,212-785-0940,95 wall street,New York,New York,10005,Ultra,Lower Manhattan,
547,MLH551,QP Bleeker St,212-929-4542,350 bleecker street,New York,New York,10014,Ultra,Lower Manhattan,
548,MLH552,Top of the Line Garage,212-586-0665,1601 broadway,New York,New York,10036,Ultra,Midtown West,
549,MLH553,QP 390 Garage,212-688-3231,390 park avenue,New York,New York,10022,Ultra,Midtown East,
550,MLH555,QP 485 Garage,212-682-1712,485 lexington avenue,New York,New York,10172,Ultra,Midtown East,
551,MLH556,QP East 102nd Street,212-348-2174,315 east 102nd street,New York,New York,10029,Ultra,East of Central Park,
552,MLH557,Standard Garage Corp.,212-661-7493,101 park avenue,New York,New York,10017,Ultra,Midtown East,
553,MLH558,Quik Park Crescent LLC,718-433-2433,43-08 crescent street,Long Island City,New York,11101,Ultra,Queens,
554,MLH561,Quik Park Libby 2,212-355-8819,300-04 east 48th street,New York,New York,10017,Ultra,Midtown East,
555,MLH562,QP Morton LLC,212-255-5855,100 morton street,New York,New York,10014,Ultra,Lower Manhattan,
556,MLH564,QuikPark 65th St,212-472-7906,403 east 65th street,New York,New York,10065,Ultra,East of Central Park,
557,MLH565,Swift Garage Corp.,212-754-4231,140 east 56th street,New York,New York,10022,Ultra,Midtown East,
558,MLH567,Alexa QP LLC,212-682-0712,110 east 42nd street,New York,New York,10017,Ultra,Midtown East,
559,MLH568,QP Truffles LLC,212-244-1241,312 west 34th street,New York,New York,10001,Ultra,Midtown West,
560,MLH569,Quik Park East 79 Garage LLC,212-988-3311,435 east 79th street,New York,New York,10075,Ultra,East of Central Park,
561,MLH570,Quik Park 3rd Avenue LLC,212-628-4512,1142 3rd avenue,New York,New York,10065,Ultra,East of Central Park,
562,MLH573,Quik Park Gem Garage LLC,212-302-2255,44 west 47th street,New York,New York,10036,Ultra,Midtown West,
563,MLH575,575 Lex Garage,212-888-3422,575 lexington avenue,New York,New York,10022,Ultra,Midtown East,
564,MLH577,Quik Park 94th Street LLC,212-722-2242,1829 1st avenue,New York,New York,10128,Ultra,East of Central Park,
565,MLH578,Quik Park Hudson VI LLC,212-247-9899,40 riverside blvd.,New York,New York,10069,Ultra,West of Central Park,
566,MLH579,Quik Park Ely Garage,718-858-8722,81 fleet place,Brooklyn,New York,11201,Ultra,Brooklyn,
567,MLH585,Quik Park Ely Garage II LLC,718-852-0220,180 myrtle avenue,Brooklyn,New York,11201,Ultra,Brooklyn,
568,MLH586,Quik Park 365 Management LLC,718-422-0450,365 bond street,Brooklyn,New York,11231,Ultra,Brooklyn,
569,MLH600,LIC,718-440-3408,45-45 center boulevard,Long Island City,New York,11101,Ultra,Queens,
570,MLH610,Soho Village,212-253-2129,610 broadway,New York,New York,10003,Ultra,Lower Manhattan,
571,MLH666,Modern Garage,212-581-1154,666 5th avenue,New York,New York,10019,Ultra,Midtown West,
572,MLH700,Alva 47 Parking,212-262-9778,257-259 west 47th street,New York,New York,10036,Ultra,Midtown West,
573,MLH701,Aspen 36 Parking,212-245-4522,60 riverside blvd,New York,New York,10069,Ultra,West of Central Park,
574,MLH702,Supreme 85 Parking,718-694-2060,85 livingston street,Brooklyn,New York,11201,Ultra,Brooklyn,
575,MLH703,14 & 8th Ave,212-807-8125,85 8th avenue,New York,New York,10011,Ultra,Lower Manhattan,
576,MLH704,18 & Third,212-473-9869,201 east 17th street,New York,New York,10003,Ultra,Lower Manhattan,
577,MLH705,23rd Street,212-674-2918,318-322 east 23rd street,New York,New York,10010,Ultra,Midtown East,
578,MLH706,Amber,212-674-9706,101 east 13th street,New York,New York,10003,Ultra,Lower Manhattan,
579,MLH707,205 Third,212-674-9645,205 3rd avenue,New York,New York,10003,Ultra,Lower Manhattan,
580,MLH710,Consolidated Parking,212-475-9159,146-154 3rd avenue,New York,New York,10003,Ultra,Lower Manhattan,
581,MLH711,Amsterdam Garage,212-874-8983,621 amsterdam ave,New York,New York,10024,Ultra,West of Central Park,
582,MLH713,165 West 66th St,212-874-9508,165 west 66th street,New York,New York,10023,Ultra,West of Central Park,
583,MLH714,64th West End Parking,212-874-9828,110 west end avenue,New York,New York,10023,Ultra,West of Central Park,
584,MLH716,Convenient Parking,212-864-8901,215 west 95th street,New York,New York,10025,Ultra,West of Central Park,
585,MLH717,Kensington Enterprises,212-864-9557,50 west 97th street,New York,New York,10025,Ultra,West of Central Park,
586,MLH721,Universal Parking,212-242-9218,55 west 14th street,New York,New York,10011,Ultra,Lower Manhattan,
587,MLH722,Creative Parking LLC,212-242-9635,16 west 16th street,New York,New York,10011,Ultra,Lower Manhattan,
588,MLH723,JDS,212-564-9152,561 tenth avenue,New York,New York,10036,Ultra,Midtown West,
589,MLH725,Proud Parking,212-674-9002,5 east 22nd street,New York,New York,10010,Ultra,Lower Manhattan,
590,MLH726,333 East 46th Street,212-490-0340,333 east 46th street,New York,New York,10017,Ultra,Midtown East,
591,MLH727,54 & 2nd Parking,212-486-0387,300 east 55th street,New York,New York,10022,Ultra,Midtown East,
592,MLH728,Murray 38 Parking,212-599-9140,155 east 38th street,New York,New York,10016,Ultra,Midtown East,
593,MLH734,Varick Street,212-925-9297,114-122 varick street,New York,New York,10013,Ultra,Lower Manhattan,
594,MLH737,Pearl Parking,212-962-8374,18-24 cliff street,New York,New York,10038,Ultra,Lower Manhattan,
595,MLH738,1056 5th Avenue,212-534-9437,1056 5th avenue,New York,New York,10028,Ultra,East of Central Park,
596,MLH740,Capitol Parking,212-308-8177,166 east 63rd street,New York,New York,10021,Ultra,East of Central Park,
597,MLH742,East 105th St,212-534-7619,156-158 east 105th street,New York,New York,10029,Ultra,East of Central Park,
598,MLH744,Gallant Parking LLC,212-289-9760,182 east 95th street,New York,New York,10028,Ultra,East of Central Park,
599,MLH745,Granite Parking LLC,212-650-1930,302-312 east 70th street,New York,New York,10021,Ultra,East of Central Park,
600,MLH746,Integrity Parking LLC,212-650-9416,315 east 72nd street,New York,New York,10021,Ultra,East of Central Park,
601,MLH747,Merit Parking,212-722-9498,12-14 east 107th street,New York,New York,10029,Ultra,East of Central Park,
602,MLH748,Royal 89 Parking,646-672-0080,200-210 east 89th street,New York,New York,10128,Ultra,East of Central Park,
603,MLH749,Superior Parking,212-744-9762,515 east 79th street,New York,New York,10021,Ultra,East of Central Park,
604,MLH751,Renaissance Parking,973-643-3023,111 mulberry street,Newark,New Jersey,07102,Ultra,New Jersey,
605,MLH752,Seaport - Gold-,212-964-5250,80 beekman street,New York,New York,10038,Ultra,Lower Manhattan,
606,MLH753,Seaport - Pearl -,212-227-2215,80 beekman street,New York,New York,10038,Ultra,Lower Manhattan,
607,MLH754,Wall Park 45 LLC,212-825-0700,45 wall street,New York,New York,10005,Ultra,Lower Manhattan,
608,MLH755,Access 37 Parking LLC,212-564-7573,404 west 37th street,New York,New York,10001,Ultra,Midtown West,
609,MLH757,Scarlet 53 Parking,212-223-0871,211 east 53rd street,New York,New York,10022,Ultra,Midtown East,
610,MLH758,Penn Parking,212-643-7406,1 penn plaza,New York,New York,10001,Ultra,Midtown West,
611,MLH759,Laight Street,212-226-1505,92 laight street,New York,New York,10013,Ultra,Lower Manhattan,
612,MLH761,Beaver Street,212-785-9733,15 william street,New York,New York,10005,Ultra,Lower Manhattan,
613,MLH762,Statue Parking LLC,212-571-0538,20 river terrace,New York,New York,10282,Ultra,Lower Manhattan,
614,MLH763,Montague Parking LLC,718-237-0800,180 montague street,Brooklyn,New York,11201,Ultra,Brooklyn,
615,MLH764,93rd Street Parking LLC,212-866-1400,100 west 93rd street,New York,New York,10025,Ultra,West of Central Park,
616,MLH765,Whitney 90 Parking LLC,212-369-6003,200 east 90th street,New York,New York,10128,Ultra,East of Central Park,
617,MLH766,Fulton Lawrence LLC,718-246-7828,111 lawrence street,Brooklyn,New York,11201,Ultra,Brooklyn,
618,MLH767,58th & 7th Parking LLC,212-315-1313,157 west 57th street,New York,New York,10019,Ultra,Midtown West,
619,MLH770,101 West Parking Corp.,212-874-8021,101 west end avenue,New York,New York,10023,Ultra,West of Central Park,
620,MLH772,Heights 183 Parking LLC,212-923-9102,2479 amsterdam avenue,New York,New York,10033,Ultra,Uptown Manhattan,
621,MLH774,Columbus 95 Parking LLC,212-678-1554,730 columbus avenue,New York,New York,10025,Ultra,West of Central Park,
622,MLH777,East Village Parking LLC,212-677-7120,22 east 1st street,New York,New York,10003,Ultra,Lower Manhattan,
623,MLH778,Chelsea 29 Parking LLC,212-967-6800,525 west 28th street,New York,New York,10001,Ultra,Midtown West,
624,MLH779,250 W. 50th Parking LLC,212-757-1498,250 west 50th street,New York,New York,10019,Ultra,Midtown West,
625,MLH780,Bowery First Parking LLC,646-602-9723,11 east 1st street,New York,New York,10003,Ultra,Lower Manhattan,
626,MLH781,Brooklyn Metro Parking LLC,718-858-8011,100 willoughby street,Brooklyn,New York,11201,Ultra,Brooklyn,
627,MLH782,Belltel 365 Parking LLC,718-643-1385,101 willoughby street,Brooklyn,New York,11201,Ultra,Brooklyn,
628,MLH783,Lenox 65 Parking LLC,347-637-0479,1189-1199 1st avenue,New York,New York,10065,Ultra,East of Central Park,
629,MLH784,Parkside Garage LLC,718-703-1238,125 parkside avenue,Brooklyn,New York,11226,Ultra,Brooklyn,
630,MLH785,21st and 11th Parking LLC,212-645-2374,551 west 21st street,New York,New York,10011,Ultra,Midtown West,
631,MLH786,Smith & Livingston Parking LLC - Lot,718-222-1706,22 smith street,Brooklyn,New York,11201,Ultra,Brooklyn,
632,MLH787,Smith & Livingston Parking LLC - Garage,718-643-6983,141 livingston street,Brooklyn,New York,11201,Ultra,Brooklyn,
633,MLH789,58 W 58 Parking LLC,212-686-9800,58 west 58th street,New York,New York,10019,Ultra,Midtown West,
634,MLH790,Two Two Two 58 Garage LLC,212-686-9800,222 east 58th street,New York,New York,10022,Ultra,Midtown East,
635,MLH791,Ft. Greene & Gold Garage LLC,718-834-6090,343 gold street,Brooklyn,New York,11201,Ultra,Brooklyn,
636,MLH792,Cooper & 9th Parking LLC,212-995-1940,70 east 10th street,New York,New York,10003,Ultra,Lower Manhattan,
637,MLH793,Castle Garage LLC,212-951-4800,135-165 east 31st street,New York,New York,10016,Ultra,Midtown East,
638,MLH794,Queens LIC Parking LLC,347-915-7340,30-02 39th avenue,Long Island City,New York,11101,Ultra,Queens,
639,MLH796,Herald Square Parking LLC,212-564-7948,841 sixth avenue,New York,New York,10001,Ultra,Midtown West,
640,MLH797,Discover 97,212-678-5456,750 columbus avenue,New York,New York,10024,Ultra,West of Central Park,
641,MLH798,Key Parking,212-253-2502,111-115 east 9th street,New York,New York,10003,Ultra,Lower Manhattan,
642,MLH799,York & 90th Parking LLC,212-289-9873,1731-1737 york avenue,New York,New York,10128,Ultra,East of Central Park,
643,MLH800,Riverside Center Parking LLC,212-757-7908,1 west end ave.,New York,New York,10019,Ultra,West of Central Park,
644,MLH801,Hoyt & Schermerhorn Parking LLC,718-643-1023,197 schermerhorn st.,Brooklyn,New York,11201,Ultra,Brooklyn,
645,MLH810,Matinee 52 LLC,212-247-4372,810 7th avenue,New York,New York,10019,Ultra,Midtown West,
646,MLH888,Maestro,212-586-3665,201 west 56th street,New York,New York,10019,Ultra,Midtown West,
647,MLH900,High Rise Parking LLC,212-362-7622,200-210 west 71st street,New York,New York,10023,Ultra,West of Central Park,
648,MLH911,9-11 Park LLC,212-725-5081,9-11 park avenue,New York,New York,10016,Ultra,Midtown East,
649,MNH001,Boro Corp.,718-855-5104,40 clinton street,Brooklyn,New York,11111,Plus,Brooklyn,
650,MNH002,Sky Parking Corp.,212-608-3060,121 reade street,New York,New York,10013,Ultra,Lower Manhattan,
651,MNH007,Manhattan Parking East 34th St.,212-686-2508,333 east 34th street,New York,New York,10016,Ultra,Midtown East,
652,MNH008,West 25th Street Corp.,212-255-3440,25-39 west 25th street,New York,New York,11111,Ultra,Midtown West,
653,MNH009,East 79th St Corp.,212-535-2309,239 east 79th street,New York,New York,10075,Ultra,East of Central Park,
654,MNH012,Lardon 1350 LLC,718-852-6578,395 flatbush avenue ext.,Brooklyn,New York,11238,Ultra,Brooklyn,
655,MNH015,MP Together,718-852-0561,205 state street,Brooklyn,New York,11201,Plus,Brooklyn,
656,MNH020,Gramercy Corp.,212-674-0013,32 gramercy park,New York,New York,10003,Ultra,Lower Manhattan,
657,MNH022,MP Jay LLC,718-855-2851,100 jay street,Brooklyn,New York,11201,Ultra,Brooklyn,
658,MNH023,MP Woodhull LLC,718-625-2691,100 north portland avenue,Brooklyn,New York,11206,Ultra,Brooklyn,
659,MNH024,MP 53 LLC,212-230-1413,250 east 53rd street,New York,New York,10022,Ultra,Midtown East,
660,MNH027,MP Queens LLC,718-380-2195,82-68 164th street,Jamaica,New York,11432,Ultra,Queens,
661,MNH028,MP West 12 LLC,212-255-4590,400 west 12th street,New York,New York,10014,Ultra,Lower Manhattan,
662,MNH030,ML 16 LLC,212-414-8581,100 west 26th street,New York,New York,10011,Ultra,Midtown West,
663,MNH033,MP 80 DeKalb Garage LLC,,80 dekalb avenue,Brooklyn,New York,11201,,Brooklyn,
664,MNH034,MP 34 Tribeca LLC,,450 washington street,New York,New York,10013,Ultra,Lower Manhattan,
665,MNH035,MP Heights Parking LLC,,107 columbia heights,Brooklyn,New York,11201,Ultra,Brooklyn,
666,MNH046,West 45 Street Corp,212-768-1502,120 west 45th street,New York,New York,10019,Ultra,Midtown West,
667,MNH048,East 48th Street Corp.,212-593-3714,141-151 east 48th street,New York,New York,10017,Ultra,Midtown East,
668,MNH049,MP West 29 LLC,212-490-3474,529 west 29th street,New York,New York,10001,Ultra,Midtown West,
669,MNH054,Gold Corp.,212-750-5627,220 east 54th street,New York,New York,10022,Ultra,Midtown East,
670,MNH056,S.P.J Parking Corp.,212-223-0458,201 east 56th street,New York,New York,10022,Ultra,Midtown East,
671,MNH057,"Manhattan Enterprises, Inc.",212-593-5219,575 madison avenue,New York,New York,10022,Ultra,Midtown East,
672,MNH058,MP West 52 LLC,,888 8th avenue,New York,New York,10019,Ultra,Midtown West,
673,MNH065,Pronto Parking Corp.,212-734-0356,169 east 65th street,New York,New York,10031,Ultra,East of Central Park,
674,MNH070,MP Battery 70 LLC,,70 little west street,New York,New York,10004,Ultra,Lower Manhattan,
675,MNH071,Manhattan Parking,212-452-2364,517 east 71st street,New York,New York,10021,Ultra,East of Central Park,
676,MNH073,Manhattan Equities Garage,212-249-1947,923 5th avenue,New York,New York,10021,Ultra,East of Central Park,
677,MNH079,Champion Parking East 79th St.,212-737-6930,505 east 79th street,New York,New York,10022,Ultra,Midtown East,
678,MNH080,80th Street Parking Corp.,212-988-0629,525 east 80th street,New York,New York,10021,Ultra,East of Central Park,
679,MNH087,MP East 87th LLC,,55 wythe avenue,Brooklyn,New York,11249,Ultra,Brooklyn,
680,MNH093,MP 93 LLC,212-722-3826,340 east 93rd street,New York,New York,10128,Ultra,East of Central Park,
681,MNH098,MP 98-41 LLC,718-997-0630,98-41 queens blvd,Queens,New York,11374,Plus,Queens,
682,MNH099,MP 99 LLC,212-828-5282,1559 lexington avenue,New York,New York,10029,Ultra,East of Central Park,
683,MNH101,Poo Parking Corp.,718-583-4230,1752 morris avenue,Bronx,New York,10457,Ultra,Bronx,
684,MNH102,RELIABLE PARKING CORP.,718-538-6017,299 east mount eden avenue,Bronx,New York,10457,Plus,Bronx,
685,MNH105,Reliable - Lot C,646-739-5146,1208 fulton street,Bronx,New York,10456,Plus,Bronx,
686,MNH106,MP Pearl LLC,,2510 westchester avenue,Bronx,New York,10461,Ultra,Bronx,
687,MNH107,Uptown LLC,212-876-7420,1295 5th avenue,New York,New York,10029,Ultra,East of Central Park,
688,MNH108,MP Apex LLC,212 490 3460,108-40 horace harding expy,Queens,New York,11375,Plus,Queens,
689,MNH110,Manhattan Parking 110 LLC,212-222-7813,543 west 110th street,New York,New York,10025,Ultra,West of Central Park,
690,MNH112,MP 19 India Fee LLC,,19 india street,Brooklyn,New York,11222,Ultra,Brooklyn,
691,MNH126,MP 126 LLC,,163 east 125th street,New York,New York,10035,Ultra,Uptown Manhattan,
692,MNH133,MP Uptown,212-281-0698,3333 broadway,New York,New York,10031,Ultra,Uptown Manhattan,
693,MNH137,UPTOWN PARKING CORP.,212-939-8615,506 lenox avenue,New York,New York,10037,Ultra,Uptown Manhattan,
694,MNH142,Metropolitan Storage,718 579-4030,545 east 142nd street,Bronx,New York,10454,Plus,Bronx,
695,MNH145,575 Lardon LLC,212-368-8441,300 west 145th street,New York,New York,10039,Ultra,Uptown Manhattan,
696,MNH146,Uptown Parking Corp.,212-490-3460,1721-1735 amsterdam avenue,New York,New York,10031,Ultra,Uptown Manhattan,
697,MNH155,MP Westy LLC,347-261-6725,280 west 155th street,New York,New York,10039,Ultra,Uptown Manhattan,
698,MNH165,Concourse Executive Parking,718-538-6083,1020 grand concourse,Bronx,New York,10451,Ultra,Bronx,
699,MNH166,MP Park Associates LLC,,810 river avenue,Bronx,New York,10451,Ultra,Bronx,
700,MNH169,Reliable Parking Corp.,718-293-2593,585 east 169th street,Bronx,New York,10456,Plus,Bronx,
701,MNH173,"POO PARKING CORP,",718-583-4180,1650 selwyn avenue,Bronx,New York,10457,Plus,Bronx,
702,MNH185,MP Water,718-684-2802,1250 water place,Bronx,New York,10461,Plus,Bronx,
703,MNH187,Valentine Parking,718-365-2480,250 east 187th street,Bronx,New York,10458,Plus,Bronx,
704,MNH188,GEM PARKING CORP.,718-933-2531,260 east 188th street,Bronx,New York,10458,Ultra,Bronx,
705,MNH189,Metropolitan Storage,718-960-2218,1225 gerard avenue,Bronx,New York,10452,B&W,Bronx,
706,MNH202,MP 1521,,299 magnolia avenue,Jersey City,New Jersey,07306,Plus,New Jersey,
707,MNH280,MP South Cove LLC,,70 battery,New York,New York,10280,Ultra,Lower Manhattan,
708,MNH303,MP 2026 LLC,,2026 westchester avenue,Bronx,New York,10462,Ultra,Bronx,
709,MNH304,MP 2020 LLC,,2020-2030 boston road,Bronx,New York,10468,Ultra,Bronx,
710,MNH305,MP Flushing 41,,133-45 41st avenue,Flushing,New York,11355,Ultra,Queens,
711,MNH333,MP East 29 LLC,,333 east 29th street,New York,New York,10016,Ultra,Midtown East,
712,MNH350,MP Hunter 50 LLC,718-433-1420,1-50 50th avenue,Long Island City,New York,11101,Ultra,Queens,
713,MNH351,MP Flushing Drive LLC,718-888-1057,40-28 college point blvd.,Flushing,New York,11354,Ultra,Queens,
714,MNH352,Manhattan Parking Queens LLC,,82-68 164th street,Jamaica,New York,11432,Ultra,Queens,
715,MNH354,MP West 58th LLC,,400 west 59th street,New York,New York,10019,Ultra,Midtown West,
716,MNH355,MP 425 East LLC,,425 east 79th street,New York,New York,10075,Ultra,Midtown East,
717,MNH444,MP 26 East LLC,,444 second avenue,New York,New York,10010,Ultra,Midtown East,
718,MNH479,MP East 28 LLC,,479-493 1st avenue,New York,New York,10016,Ultra,Midtown East,
719,MNH815,MP West 54 LLC,,815 10th avenue,New York,New York,10019,Ultra,Midtown West,
720,MNH900,MP Flushing 7 LLC,718-886-3896,40-28 college point blvd.,Flushing,New York,11354,Ultra,Queens,
721,MPK???,Insufficient Info. to Identify Location,,please identify location,,,,,Not a garage,
722,MPK010,Internal Operations,718-786-6988,2704 41st avenue,Long Island City,New York,11101,,Not a garage,
725,MPK998,Testing Location,TEST,2810 queens plaza south,Long Island City,New York,11101,,Not a garage,
726,MTP030,30 Operating LLC,,320 west 30th street,New York,New York,10001,Ultra,Midtown West,
727,MTP047,MTP,718-729-3615,31-00 47th avenue,Long Island City,New York,11101,Ultra,Queens,
728,MTP049,LIC Operating 49 LLC,718-786-3043,47-20 30th place,Long Island City,New York,11101,Ultra,Queens,
729,MTP057,"MTP 57, LLC",212-247-0700,601 west 57th street,New York,New York,10019,Ultra,Midtown West,
730,MTP089,MTP Operating Corp,212-431-7778,89-93 chrystie street,New York,New York,10002,Ultra,Lower Manhattan,
731,OPI001,Gotham,718-392-0796,28-10 queens plaza south,Long Island City,New York,11101,Ultra,Queens,
732,OPI003,One Parking,202-393-0643,1420 new york avenue,Washington,DC,20005,Ultra,Washington DC and Vicinity,
733,OPI006,"One Parking 709, Inc.",718-707-0010,28-30 jackson avenue,Long Island City,New York,11101,Ultra,Queens,
734,OPI501,One Parking 1900,202-223-0156,1900 k street nw,Washington,DC,20006,Ultra,Washington DC and Vicinity,
735,OPI503,One Parking,202-870-4723,2000 k street,Washington,DC,20001,Ultra,Washington DC and Vicinity,
736,OPI504,One Parking Inc.,202-347-7932,1000 f street,Washington,DC,20004,Ultra,Washington DC and Vicinity,
737,OPI505,One Parking Inc.,,1255 23rd street nw,Washingon,DC,20037,Ultra,Washington DC and Vicinity,
738,OPI506,One Parking Inc - 1875 K,,1875 k street nw,Washington,DC,20006,Ultra,Washington DC and Vicinity,
739,OPI900,One Parking 1250 I Street Inc.,202-750-7764,1250 i street nw,Washington,DC,20005,Ultra,Washington DC and Vicinity,
740,OPI901,One Parking 300 Inc.,,300 12th street sw,Washington,DC,20024,Ultra,Washington DC and Vicinity,
741,PAI001,Penn Center - West,215-564-3707,20th and commerce,Philadelphia,Pennsylvania,19103,Ultra,Philly and Vicinity,
742,PAI002,Penn Center - East,215-564-9225,1900 j.f.k. blvd.,Philadelphia,Pennsylvania,19103,Ultra,Philly and Vicinity,
743,PAT001,Sterling Garage,215-405-0790,1815 jfk blvd. (entrance on commerce street),Philadelphia,Pennsylvania,19103,Ultra,Philly and Vicinity,
744,PAT002,Sansom,215-599-3000,2101 sansom street,Philadelphia,Pennsylvania,19103,Ultra,Philly and Vicinity,
745,PJI001,Parker Jewish Institute,718-289-2177,271-11 76th avenue,New Hyde Park,New York,11040,Ultra,Queens,
746,PMI001,1620 Eye Street NW,,1620 eye street nw,Washington,DC,20006,Ultra,Washington DC and Vicinity,
747,PMI002,1156 15th Street,,1156 15th street nw,Washington,DC,20005,Ultra,Washington DC and Vicinity,
748,PMI003,1101 15th Street,,1101 15th street nw,Washington,DC,20005,Ultra,Washington DC and Vicinity,
749,PMI900,PMI 1120 19th Street,,1120 19th street nw,Washington,DC,20036,Ticketech Mobile,Washington DC and Vicinity,
750,PPA011,Cook Street,718-384-0901,21 cook street,Brooklyn,New York,11206,Plus,Brooklyn,
751,PPA016,Avalon Morningside Park Garage,212-864-2471,1 morningside drive,New York,New York,10025,Ultra,Uptown Manhattan,
752,PPA018,Pro Park America - Kent Ave,,184 kent avenue,Brooklyn,New York,11249,Ultra,Brooklyn,
753,PPA020,Courtyard Hotel,203-564-5016,275 summer street,Stamford,Connecticut,06901,Ultra,Connecticut,
754,PPA021,Propark America - 1500 Harbor Blvd,,1500 harbor boulevard,Weehawken,New Jersey,07086,Ultra,New Jersey,
755,PPI001,Public Parking 50 North 5th Street Inc.,,50 north 5th street,Brooklyn,New York,11101,Plus,Brooklyn,
756,PPS001,Caton Parking LLC,,29 caton place,Brooklyn,New York,11218,Ultra,Brooklyn,
757,PRI001,Prime Parking,212-439-1770,150 east 69th street,New York,New York,10021,Ultra,East of Central Park,
758,PRK009,Park Right,718-797-1967,235 gold street,Brooklyn,New York,11201,Ultra,Brooklyn,
759,PRK029,39 E 29th St,212-679-2627,39 east 29th street,New York,New York,10036,Plus,Midtown West,
760,PRK043,Park Right Corp.,212-695-1241,635 west 42nd street,New York,New York,10036,Ultra,Midtown West,
761,PRK077,Prior Corp.,212-717-1602,300 east 77th street,New York,New York,10075,Ultra,East of Central Park,
762,PRK095,Strella LLC,212-531-1900,721 amsterdam avenue,New York,New York,10025,Ultra,West of Central Park,
763,PRK100,90 John St,718-293-5983,1185 river avenue,Bronx,New York,10452,Ultra,Bronx,
764,PRK415,Park Right 415 Greenwich,212-226-2798,415 greenwich street,New York,New York,10013,Ultra,Lower Manhattan,
765,PRK500,West Village Garage - Park Right,212-645-1020,125-127 perry street,New York,New York,10014,Ultra,Lower Manhattan,
766,PRK501,169 Ludlow Parking LLC,,169 ludlow street,New York,New York,10002,Ultra,Lower Manhattan,
767,PVP001,PV Parking Corp,718-609-1200,34-11 steinway street,Long Island City,New York,11101,Ultra,Queens,
768,PVP004,PV Parking IV,212-987-7275,554 west 174th street,New York,New York,10033,Ultra,Uptown Manhattan,
769,QUK250,QP Monte,718-931-1735,1601 seddon street,Bronx,New York,10461,Plus,Bronx,
770,QUK251,QP Hosp LLC,718-794-1230,1180 morris park avenue,Bronx,New York,10461,Ultra,Bronx,
771,QUK252,QP Hosp LLC,718-405-8338,1527 blondell avenue,Bronx,New York,10461,Plus,Bronx,
772,RDN001,STATE PEARL GARAGE,212-248-5752,1 battery plaza,New York,New York,10004,Ultra,Lower Manhattan,
773,RDN002,52 & BROADWAY GARAGE,212-245-2125,1675 broadway,New York,New York,10019,Ultra,Midtown West,
774,RDN012,TGL Garage LLC,,140 west 12th street,New York,New York,10011,Ultra,Lower Manhattan,
775,RDN021,PINEWATER GARAGE,212-425-6136,80 pine street,New York,New York,10005,Ultra,Lower Manhattan,
776,RDN052,PARK'N'LEX GARAGE,212-421-0630,345 park avenue,New York,New York,10154,Ultra,Midtown East,
777,RDN055,136 East 55th Street Garage LLC,212-751-3379,136 east 55th street,New York,New York,10022,Ultra,Midtown East,
778,RDN067,67TH ST GARAGE,212-861-3603,254 east 68th street,New York,New York,10021,Ultra,East of Central Park,
779,RDN069,69TH ST GARAGE,212-772-9507,215 east 68th street,New York,New York,10021,Ultra,East of Central Park,
780,RDN071,71ST GARDEN GARAGE,212-744-3630,211 east 70th street,New York,New York,10021,Ultra,East of Central Park,
781,RDN280,4 East 76th St,212-988-3628,945 5th avenue,New York,New York,10021,Ultra,East of Central Park,
782,RGC015,Schwab House Garage,212-724-5345,11 riverside drive,New York,New York,10023,Ultra,West of Central Park,
783,RPD012,125 East 125th Street Corp.,212-996-3566,55 west 125th street,New York,New York,10027,Plus,Uptown Manhattan,
784,RPD070,Rapid Riverside Corp.,212-873-1277,70 riverside drive,New York,New York,10024,Ultra,West of Central Park,
785,RPD075,RAPID 75 Corp,212-650-0546,35 east 75th street,New York,New York,10021,Ultra,East of Central Park,
786,RPD076,Rapid E 77th Street Corp.,212-650-0732,150 east 77th street,New York,New York,10075,Ultra,East of Central Park,
787,RPD100,9-11 West 100th St,212-531-4828,9-11 west 100th street,New York,New York,10025,Ultra,West of Central Park,
788,RPD480,Clermont Parking Corp,212-870-6736,480 riverside drive,New York,New York,10027,Ultra,Uptown Manhattan,
789,SAN001,SANFORD AVENUE GARAGE,718-359-8058,133-47 sanford avenue,Flushing,New York,11355,B&W,Queens,
790,SBU001,Stony Brook University,888-741-3799,101 nicolls road,Stony Brook,New York,11794,Ultra,Suffolk (Long Island),
791,SEV001,167 East 77th St Parking Services LLC.,646-838-6164,176 east 77th street,New York,New York,10075,Ultra,East of Central Park,
792,SEV002,301-63 Garage,212-355-1654,301 east 63rd street,New York,New York,10065,Ultra,East of Central Park,
793,SEV003,Lenox Parking Garage LLC,212-987-0429,380 lenox avenue,New York,New York,10027,Ultra,Uptown Manhattan,
794,SEV004,York Parking LLC,212-249-2940,1420 york avenue,New York,New York,10021,Ultra,East of Central Park,
795,SEV005,Battery 17 Parking LLC,,17 battery place,New York,New York,10004,Ultra,Lower Manhattan,
796,SEV006,Parking 56 LLC,212-262-4036,33 west 56th street,New York,New York,10019,Ultra,Midtown West,
797,SGC001,Sheridan Garage Corp,718-378-7688,1040 freeman st,Bronx,New York,10459,Ultra,Bronx,
798,SHH001,Sheraton Laguardia,718-460-6666,135-20 39th street,Flushing,New York,11354,Ultra,Queens,
799,SMC060,403 East 60th Street Parking LLC,212-308-3251,403 east 60th street,New York,New York,10022,Ultra,East of Central Park,
800,SPC006,Penn Station,973-648-0658,10 alling street,Newark,New Jersey,07102,Plus,New Jersey,
801,SPG001,Star Parking Garage,718-991-8100,840 westchester avenue,Bronx,New York,10459,Plus,Bronx,
803,SQP059,Square Parking,212-223-9288,206 east 59th street,New York,New York,10022,Ultra,Midtown East,
804,SYL001,Sylvan Pinnacle Garage Corp.,718-520-1403,112-01 queens blvd,Forest Hills,New York,11375,Ultra,Queens,
805,SYL009,Sylvan Windsor Garage LLC,,107-24 71st rd,Forest Hills,New York,11375,Ultra,Queens,
806,SYL010,Sylvan Midway Garage LLC,,108-18 queens blvd,Forest Hills,New York,11375,Ultra,Queens,
807,SYL011,Sylvan Forester Garage L.L.C.,718-520-9085,111-09 queens blvd,Forest Hills,New York,11375,Ultra,Queens,
808,SYL012,Sylvan Jefferson,201-420-1131,800 jefferson street,Hoboken,New Jersey,07030,Plus,New Jersey,
809,SYL013,Sylvan Gerard Garage,718-793-6773,70-25 yellowstone boulevard,Forest Hills,New York,11375,Ultra,Queens,
810,SYL014,Sylvan Kew Garage,718-261-4880,80-02 kew garden road,Kew Gardens,New York,11415,Ultra,Queens,
811,SYL015,Sylvan Kissena Garage,718-463-2070,43-70 kissena blvd.,Flushing,New York,11355,Ultra,Queens,
812,SYL031,Sylvan Astoria Garage LLC,718-204-5005,23-25 31st street,Astoria,New York,11105,Ultra,Queens,
813,TIS001,1775 Penn Avenue,202-659-4975,"1775 pennsylvania avenue, nw",Washington,DC,20006,Ultra,Washington DC and Vicinity,
814,TIS004,1919 Penn Ave,202-955-3190,"1919 pennsylvania avenue, nw",Washington,DC,20006,Ultra,Washington DC and Vicinity,
815,TIS005,1717 Penn Ave,202-973-9315,"1717 pennsylvania avenue, nw",Washington,DC,20006,Ultra,Washington DC and Vicinity,
816,TIS006,1730 Penn Ave,202-785-2529,"1730 pennsylvania avenue, nw",Washington,DC,20006,Ultra,Washington DC and Vicinity,
817,TIS007,1747 Penn Ave,202-785-3133,"1747 pennsylvania avenue, nw",Washington,DC,20006,Ultra,Washington DC and Vicinity,
818,TIS008,Presidential Plaza,202-785-5081,900 19th street,Washington,DC,20006,Ultra,Washington DC and Vicinity,
819,TIS009,MarcParc,202-347-5590,"1201 f street, nw",Washington,DC,20004,Ultra,Washington DC and Vicinity,
820,TIS010,Commonwealth Towers,703-527-0393,1300 wilson boulevard,Arlington,Virginia,22209,Ultra,Washington DC and Vicinity,
821,TIS011,Park Place,703-527-2107,1655 north fort myer drive,Arlington,Virginia,22209,Ultra,Washington DC and Vicinity,
822,TIS013,1099 New York Ave,202-638-0741,"1099 new york avenue, nw",Washington,DC,20006,Ultra,Washington DC and Vicinity,
823,TIS015,One Parking Inc.,,6550 rock spring dr.,Bethesda,Maryland,20817,Ultra,Washington DC and Vicinity,
824,UWP001,Upper West Parking Inc,212-222-8333,303 west 96th street,New York,New York,10025,Ultra,West of Central Park,
825,VCP001,9th Ave Parking,,359 9th avenue,New York,New York,10001,Ultra,Midtown West,
826,VFC001,VFC Industries,212-926-0270,161 west 132nd street,New York,New York,10027,Ultra,Uptown Manhattan,
827,VGC002,Executive Parking,646-796-9466,4501 broadway,New York,New York,10040,B&W,Uptown Manhattan,
828,VGC003,Indoor Parking,212-567-1227,164 dyckman street,New York,New York,10040,B&W,Uptown Manhattan,
829,VGC057,157-57th Inc,212-223-2838,153 east 57th street,New York,New York,10022,Ultra,Midtown East,
830,VPN001,17 Beacon St,617-451-1393,17 beacon street,Boston,Massachusetts,02210,Ultra,Boston and Vicinity,
831,VPN002,North End Lot,617-451-1393,181-183 north washington street,Boston,Massachusetts,02113,Ultra,Boston and Vicinity,
832,VPN003,West Street,617-451-1393,17-23 west street,Boston,Massachusetts,02111,Ultra,Boston and Vicinity,
833,VPN004,Broad Street,617-451-1393,47-49 broad street,Boston,Massachusetts,02109,Ultra,Boston and Vicinity,
834,VPN005,Restoration Hardware,617-451-1393,234 berkeley street,Boston,Massachusetts,02116,Ultra,Boston and Vicinity,
835,VPN006,Millennium,617-451-1393,580 washington street,Boston,Massachusetts,02111,Ultra,Boston and Vicinity,
836,VPN008,VPNE,,99 summer street,Boston,Massachusetts,02110,Ultra,Boston and Vicinity,
837,VPN009,101 Arch Street Garage,,101 arch street,Boston,Massachusetts,02110,Ultra,Boston and Vicinity,
838,WAL900,Parkchester-Tremont Parking Corp.,718-792-0844,2155 east tremont ave.,Bronx,New York,10462,Ticketech Mobile,Bronx,
839,WIN001,615 Garage Corp.,212-838-8869,800 5th avenue,New York,New York,10021,Plus,East of Central Park,
840,WOC001,WOC Cielo Garage Company LLC,212-744-2312,450 east 83rd street,New York,New York,10028,Ultra,East of Central Park,
841,WOC002,WOC 80 DeKalb Garage LLC,718-989-2958,80 dekalb avenue,Brooklyn,New York,11201,Ultra,Brooklyn,
